ISO-10303-21;
HEADER;
FILE_DESCRIPTION (( 'STEP AP203' ),
    '1' );
FILE_NAME ('228-2500-061.step',
    '2022-06-06T18:52:31',
    ( '' ),
    ( '' ),
    'SwSTEP 2.0',
    'SolidWorks 2021',
    '' );
FILE_SCHEMA (( 'CONFIG_CONTROL_DESIGN' ));
ENDSEC;

DATA;
#1 = DIRECTION ( 'NONE',  ( -1.000000000000000000, 5.568642467174398189E-31, -3.304235192336775117E-15 ) ) ;
#2 = VERTEX_POINT ( 'NONE', #907 ) ;
#3 = ORIENTED_EDGE ( 'NONE', *, *, #2469, .T. ) ;
#4 = CARTESIAN_POINT ( 'NONE',  ( -0.4000000000000011324, 2.254205848354697395, -11.90563645010067262 ) ) ;
#5 = AXIS2_PLACEMENT_3D ( 'NONE', #2359, #1198, #767 ) ;
#6 = ORIENTED_EDGE ( 'NONE', *, *, #2864, .F. ) ;
#7 = FACE_OUTER_BOUND ( 'NONE', #2356, .T. ) ;
#8 = EDGE_CURVE ( 'NONE', #845, #2574, #1037, .T. ) ;
#9 = VERTEX_POINT ( 'NONE', #48 ) ;
#10 = VECTOR ( 'NONE', #1254, 1000.000000000000227 ) ;
#11 = CARTESIAN_POINT ( 'NONE',  ( -1.952124248775017668, -0.7740871510008234813, -0.8890000000000009006 ) ) ;
#12 = DIRECTION ( 'NONE',  ( 0.000000000000000000, 0.000000000000000000, 1.000000000000000000 ) ) ;
#13 = VECTOR ( 'NONE', #528, 1000.000000000000000 ) ;
#14 = CARTESIAN_POINT ( 'NONE',  ( 0.000000000000000000, 0.000000000000000000, -11.97076274578120803 ) ) ;
#15 = EDGE_CURVE ( 'NONE', #354, #815, #1975, .T. ) ;
#16 = AXIS2_PLACEMENT_3D ( 'NONE', #565, #856, #438 ) ;
#17 = DIRECTION ( 'NONE',  ( -0.000000000000000000, 0.000000000000000000, 1.000000000000000000 ) ) ;
#18 = CARTESIAN_POINT ( 'NONE',  ( 2.100000000000000089, 2.571758278209441957E-16, 5.438999999999999169 ) ) ;
#19 = VERTEX_POINT ( 'NONE', #1656 ) ;
#20 = AXIS2_PLACEMENT_3D ( 'NONE', #14, #1880, #1859 ) ;
#21 = ORIENTED_EDGE ( 'NONE', *, *, #1405, .T. ) ;
#22 = LINE ( 'NONE', #35, #2462 ) ;
#23 = CALENDAR_DATE ( 2022, 6, 6 ) ;
#24 = ORIENTED_EDGE ( 'NONE', *, *, #2088, .T. ) ;
#25 = CARTESIAN_POINT ( 'NONE',  ( 1.958295588161916401, 0.8486177109635258953, -0.02472045621156492359 ) ) ;
#26 = ORIENTED_EDGE ( 'NONE', *, *, #367, .T. ) ;
#27 = LINE ( 'NONE', #1932, #2992 ) ;
#28 = CARTESIAN_POINT ( 'NONE',  ( -0.7499999999999994449, 3.176000000000002377, -5.254999999999999893 ) ) ;
#29 = DIRECTION ( 'NONE',  ( 0.000000000000000000, 0.000000000000000000, 1.000000000000000000 ) ) ;
#30 = DIRECTION ( 'NONE',  ( 1.000000000000000000, -0.000000000000000000, -0.000000000000000000 ) ) ;
#31 = EDGE_CURVE ( 'NONE', #2768, #2391, #78, .T. ) ;
#32 = CARTESIAN_POINT ( 'NONE',  ( 1.987872689445041363, 0.7576226522480974390, 0.8890000000000009006 ) ) ;
#33 = ORIENTED_EDGE ( 'NONE', *, *, #485, .T. ) ;
#34 = ORIENTED_EDGE ( 'NONE', *, *, #2281, .F. ) ;
#35 = CARTESIAN_POINT ( 'NONE',  ( -2.100000000000000089, 0.000000000000000000, 5.438999999999999169 ) ) ;
#36 = VERTEX_POINT ( 'NONE', #1473 ) ;
#37 = PLANE ( 'NONE',  #1665 ) ;
#38 = CARTESIAN_POINT ( 'NONE',  ( 0.4000000000000010214, 2.061552812808830293, -11.48899999999999899 ) ) ;
#39 = ORIENTED_EDGE ( 'NONE', *, *, #2183, .T. ) ;
#40 = CARTESIAN_POINT ( 'NONE',  ( -2.299999999999999822, 0.000000000000000000, 5.523072258617645502 ) ) ;
#41 = CARTESIAN_POINT ( 'NONE',  ( 0.3999999999999975797, -2.232710535457607559, 5.620762745781215486 ) ) ;
#42 = EDGE_CURVE ( 'NONE', #94, #2664, #2026, .T. ) ;
#43 = VERTEX_POINT ( 'NONE', #2607 ) ;
#44 = ADVANCED_FACE ( 'NONE', ( #309 ), #1238, .T. ) ;
#45 = ORIENTED_EDGE ( 'NONE', *, *, #414, .T. ) ;
#46 = DIRECTION ( 'NONE',  ( -0.000000000000000000, 1.000000000000000000, -0.000000000000000000 ) ) ;
#47 = APPROVAL_ROLE ( '' ) ;
#48 = CARTESIAN_POINT ( 'NONE',  ( -2.100000000000000089, 1.057488398147446982E-15, -4.500000000000007994 ) ) ;
#49 = EDGE_LOOP ( 'NONE', ( #703, #2849, #1016 ) ) ;
#50 = AXIS2_PLACEMENT_3D ( 'NONE', #480, #2171, #754 ) ;
#51 = DIRECTION ( 'NONE',  ( -1.000000000000000000, 0.000000000000000000, 0.000000000000000000 ) ) ;
#52 = CARTESIAN_POINT ( 'NONE',  ( -0.4980973490458714958, -3.174999999999999822, -9.645422128626172764 ) ) ;
#53 = ORIENTED_EDGE ( 'NONE', *, *, #2922, .F. ) ;
#54 = CONICAL_SURFACE ( 'NONE', #1520, 2.299999999999999822, 0.3141592653589766471 ) ;
#55 = CARTESIAN_POINT ( 'NONE',  ( -1.957545608681446669, 0.8507825969242239772, 0.000000000000000000 ) ) ;
#56 = AXIS2_PLACEMENT_3D ( 'NONE', #1535, #2480, #1264 ) ;
#57 = CARTESIAN_POINT ( 'NONE',  ( -1.974718017464871522, 0.8000140809621070215, 0.5926538344925699198 ) ) ;
#58 = CARTESIAN_POINT ( 'NONE',  ( -0.7499999999999982236, -1.961504524593302934, 8.091256121069156038 ) ) ;
#59 =( BOUNDED_CURVE ( )  B_SPLINE_CURVE ( 3, ( #2786, #207, #2555, #1838 ),
 .UNSPECIFIED., .F., .F. ) 
 B_SPLINE_CURVE_WITH_KNOTS ( ( 4, 4 ),
 ( 0.000000000000000000, 1.235129571142638438 ),
 .UNSPECIFIED. ) 
 CURVE ( )  GEOMETRIC_REPRESENTATION_ITEM ( )  RATIONAL_B_SPLINE_CURVE ( ( 1.000000000000000000, 0.8768606581416792389, 0.8768606581416792389, 1.000000000000000000 ) ) 
 REPRESENTATION_ITEM ( '' )  );
#60 = EDGE_LOOP ( 'NONE', ( #1136, #755, #193, #556, #2539, #2328, #885, #2867 ) ) ;
#61 = ADVANCED_FACE ( 'NONE', ( #2364 ), #683, .T. ) ;
#62 = AXIS2_PLACEMENT_3D ( 'NONE', #343, #1063, #1723 ) ;
#63 = VECTOR ( 'NONE', #1318, 1000.000000000000000 ) ;
#64 = ADVANCED_FACE ( 'NONE', ( #701 ), #2097, .T. ) ;
#65 = ORIENTED_EDGE ( 'NONE', *, *, #699, .F. ) ;
#66 = LINE ( 'NONE', #705, #935 ) ;
#67 = CARTESIAN_POINT ( 'NONE',  ( -2.040073290564206943, 0.4980973490458777686, -4.043577871373832622 ) ) ;
#68 = EDGE_CURVE ( 'NONE', #2698, #371, #1822, .T. ) ;
#69 = ORIENTED_EDGE ( 'NONE', *, *, #2859, .T. ) ;
#70 = CARTESIAN_POINT ( 'NONE',  ( -0.7499999999999996669, 1.000000000000000000, -7.445000000000000284 ) ) ;
#71 = DIRECTION ( 'NONE',  ( 1.000000000000000000, -0.000000000000000000, -0.000000000000000000 ) ) ;
#72 = VERTEX_POINT ( 'NONE', #1622 ) ;
#73 = CARTESIAN_POINT ( 'NONE',  ( 1.292526595471058526, -2.899999999999999023, -6.349999999999999645 ) ) ;
#74 = DIRECTION ( 'NONE',  ( 0.000000000000000000, 0.000000000000000000, 1.000000000000000000 ) ) ;
#75 = B_SPLINE_CURVE_WITH_KNOTS ( 'NONE', 3,
 ( #2999, #447, #2776, #664 ),
 .UNSPECIFIED., .F., .F.,
 ( 4, 4 ),
 ( 7.853651483646079737E-18, 7.416136863470408494E-05 ),
 .UNSPECIFIED. ) ;
#76 = CARTESIAN_POINT ( 'NONE',  ( 0.000000000000000000, 0.000000000000000000, -7.238999999999999879 ) ) ;
#77 = ORIENTED_EDGE ( 'NONE', *, *, #1559, .F. ) ;
#78 =( BOUNDED_CURVE ( )  B_SPLINE_CURVE ( 3, ( #267, #2844, #2647, #2890 ),
 .UNSPECIFIED., .F., .F. ) 
 B_SPLINE_CURVE_WITH_KNOTS ( ( 4, 4 ),
 ( 1.906463082447152013, 4.376722224732434441 ),
 .UNSPECIFIED. ) 
 CURVE ( )  GEOMETRIC_REPRESENTATION_ITEM ( )  RATIONAL_B_SPLINE_CURVE ( ( 1.000000000000000000, 0.5529325251066163904, 0.5529325251066163904, 1.000000000000000000 ) ) 
 REPRESENTATION_ITEM ( '' )  );
#79 = CYLINDRICAL_SURFACE ( 'NONE', #2856, 2.100000000000000089 ) ;
#80 = VERTEX_POINT ( 'NONE', #1680 ) ;
#81 = EDGE_CURVE ( 'NONE', #1474, #2863, #2275, .T. ) ;
#82 = CARTESIAN_POINT ( 'NONE',  ( 0.4980973490458784347, -2.040073290564214936, 3.295422128626185554 ) ) ;
#83 = VERTEX_POINT ( 'NONE', #260 ) ;
#84 = EDGE_CURVE ( 'NONE', #1178, #354, #2323, .T. ) ;
#85 = CARTESIAN_POINT ( 'NONE',  ( -1.982800871145368848, 0.7740871510008278111, -0.8890000000000000124 ) ) ;
#86 = PLANE ( 'NONE',  #5 ) ;
#87 = EDGE_LOOP ( 'NONE', ( #1590, #298, #2324, #924 ) ) ;
#88 = CARTESIAN_POINT ( 'NONE',  ( -0.6593895131183358238, -3.174999999999997158, 5.139000000000004675 ) ) ;
#89 = DIRECTION ( 'NONE',  ( -1.000000000000000000, 0.000000000000000000, 0.000000000000000000 ) ) ;
#90 = DIRECTION ( 'NONE',  ( -1.000000000000000000, 0.000000000000000000, 0.000000000000000000 ) ) ;
#91 = CARTESIAN_POINT ( 'NONE',  ( -0.7499999999999996669, -1.961504524593304266, -7.445000000000000284 ) ) ;
#92 = ORIENTED_EDGE ( 'NONE', *, *, #364, .F. ) ;
#93 = CARTESIAN_POINT ( 'NONE',  ( -0.6062564592894050808, -2.011363967672409547, 4.531686415729915929 ) ) ;
#94 = VERTEX_POINT ( 'NONE', #18 ) ;
#95 = DIRECTION ( 'NONE',  ( 0.000000000000000000, 0.000000000000000000, -1.000000000000000000 ) ) ;
#96 = ORIENTED_EDGE ( 'NONE', *, *, #246, .F. ) ;
#97 = LINE ( 'NONE', #2215, #1810 ) ;
#98 = EDGE_CURVE ( 'NONE', #1897, #2430, #1726, .T. ) ;
#99 = DIRECTION ( 'NONE',  ( -0.08682659386424403103, -0.08682659386424773640, -0.9924325091389674114 ) ) ;
#100 = ORIENTED_EDGE ( 'NONE', *, *, #1634, .F. ) ;
#101 = EDGE_CURVE ( 'NONE', #1776, #1855, #1439, .T. ) ;
#102 = PLANE ( 'NONE',  #2527 ) ;
#103 = AXIS2_PLACEMENT_3D ( 'NONE', #965, #2848, #1241 ) ;
#104 = FACE_OUTER_BOUND ( 'NONE', #264, .T. ) ;
#105 = CARTESIAN_POINT ( 'NONE',  ( 0.000000000000000000, 0.000000000000000000, -11.97076274578120803 ) ) ;
#106 = AXIS2_PLACEMENT_3D ( 'NONE', #1780, #1073, #2184 ) ;
#107 = EDGE_CURVE ( 'NONE', #2391, #2232, #405, .T. ) ;
#108 = CARTESIAN_POINT ( 'NONE',  ( -0.4000000000000010214, 1.502637486114517751, -12.48900000000000077 ) ) ;
#109 = EDGE_LOOP ( 'NONE', ( #3025, #219, #1903, #1331 ) ) ;
#110 = AXIS2_PLACEMENT_3D ( 'NONE', #790, #30, #1905 ) ;
#111 = DIRECTION ( 'NONE',  ( -1.000000000000000000, 0.000000000000000000, 0.000000000000000000 ) ) ;
#112 = VECTOR ( 'NONE', #1259, 1000.000000000000000 ) ;
#113 = ORIENTED_EDGE ( 'NONE', *, *, #1233, .T. ) ;
#114 = AXIS2_PLACEMENT_3D ( 'NONE', #389, #1320, #89 ) ;
#115 = AXIS2_PLACEMENT_3D ( 'NONE', #850, #2699, #1784 ) ;
#116 = CARTESIAN_POINT ( 'NONE',  ( 2.040073290564206943, 0.4980973490458777686, -4.043577871373832622 ) ) ;
#117 = DATE_TIME_ROLE ( 'classification_date' ) ;
#118 = EDGE_LOOP ( 'NONE', ( #1336, #1397, #3, #2014, #113, #2815, #2388, #1597, #2085, #858, #2401, #158, #141, #2620, #2799, #2310 ) ) ;
#119 = DIRECTION ( 'NONE',  ( 0.000000000000000000, 0.000000000000000000, 1.000000000000000000 ) ) ;
#120 = DIRECTION ( 'NONE',  ( -1.000000000000000000, -5.568642467174413953E-31, 3.343858152016827236E-15 ) ) ;
#121 = AXIS2_PLACEMENT_3D ( 'NONE', #2334, #930, #2279 ) ;
#122 = ORIENTED_EDGE ( 'NONE', *, *, #2785, .T. ) ;
#123 = CARTESIAN_POINT ( 'NONE',  ( -3.079190491453137390, 0.000000000000000000, 4.000000000000003553 ) ) ;
#124 = ADVANCED_FACE ( 'NONE', ( #2854 ), #2631, .T. ) ;
#125 = CARTESIAN_POINT ( 'NONE',  ( -0.9245164006357493580, 2.350000000000000977, -0.8890000000000009006 ) ) ;
#126 = CARTESIAN_POINT ( 'NONE',  ( -0.4980973490458714958, -2.040073290564207831, -9.645422128626172764 ) ) ;
#127 = CARTESIAN_POINT ( 'NONE',  ( -2.500000000000000000, -2.899999999999999911, -12.53545247797180728 ) ) ;
#128 = ORIENTED_EDGE ( 'NONE', *, *, #1351, .T. ) ;
#129 = EDGE_CURVE ( 'NONE', #736, #1478, #1305, .T. ) ;
#130 = FACE_OUTER_BOUND ( 'NONE', #2982, .T. ) ;
#131 = ORIENTED_EDGE ( 'NONE', *, *, #529, .T. ) ;
#132 = LINE ( 'NONE', #1003, #1174 ) ;
#133 = EDGE_LOOP ( 'NONE', ( #460, #2554, #1779, #382 ) ) ;
#134 = CARTESIAN_POINT ( 'NONE',  ( 0.000000000000000000, 0.000000000000000000, 5.139000000000004675 ) ) ;
#135 = CARTESIAN_POINT ( 'NONE',  ( 0.3999999999999975797, -1.502637486114524634, 6.139000000000005564 ) ) ;
#136 = ORIENTED_EDGE ( 'NONE', *, *, #2034, .T. ) ;
#137 = DIRECTION ( 'NONE',  ( 1.000000000000000000, 0.000000000000000000, 0.000000000000000000 ) ) ;
#138 = PLANE ( 'NONE',  #1228 ) ;
#139 = CARTESIAN_POINT ( 'NONE',  ( 1.982800871145370181, -0.7740871510008234813, -0.8890000000000009006 ) ) ;
#140 = CARTESIAN_POINT ( 'NONE',  ( 1.292526595471056527, -2.899999999999999911, -7.239000000000000767 ) ) ;
#141 = ORIENTED_EDGE ( 'NONE', *, *, #2432, .F. ) ;
#142 = ADVANCED_FACE ( 'NONE', ( #2133 ), #919, .T. ) ;
#143 = ORIENTED_EDGE ( 'NONE', *, *, #2505, .F. ) ;
#144 = DIRECTION ( 'NONE',  ( 1.000000000000000000, 0.000000000000000000, -3.343858152016827236E-15 ) ) ;
#145 = ADVANCED_FACE ( 'NONE', ( #1099 ), #2978, .T. ) ;
#146 = VERTEX_POINT ( 'NONE', #91 ) ;
#147 = CARTESIAN_POINT ( 'NONE',  ( 1.967600101913246746, 0.8216186485733499856, -0.3457124967174733388 ) ) ;
#148 = CARTESIAN_POINT ( 'NONE',  ( 0.4000000000000010214, 2.083236664664702253, -12.25559739064390996 ) ) ;
#149 = ORIENTED_EDGE ( 'NONE', *, *, #2335, .T. ) ;
#150 = CARTESIAN_POINT ( 'NONE',  ( -0.6593895131183358238, 1.993791731849034576, 5.139000000000004675 ) ) ;
#151 = CYLINDRICAL_SURFACE ( 'NONE', #62, 3.174999999999999822 ) ;
#152 = CARTESIAN_POINT ( 'NONE',  ( -0.4000000000000010214, -2.061552812808830293, -11.78900000000000148 ) ) ;
#153 = PLANE ( 'NONE',  #1826 ) ;
#154 = VERTEX_POINT ( 'NONE', #530 ) ;
#155 = CIRCLE ( 'NONE', #1468, 2.100000000000000089 ) ;
#156 = CARTESIAN_POINT ( 'NONE',  ( -0.3999999999999975797, 0.000000000000000000, 6.139000000000005564 ) ) ;
#157 = VECTOR ( 'NONE', #1240, 1000.000000000000000 ) ;
#158 = ORIENTED_EDGE ( 'NONE', *, *, #1996, .T. ) ;
#159 = EDGE_CURVE ( 'NONE', #2574, #43, #2523, .T. ) ;
#160 = VECTOR ( 'NONE', #46, 1000.000000000000000 ) ;
#161 =( BOUNDED_CURVE ( )  B_SPLINE_CURVE ( 3, ( #2681, #2018, #783, #2264 ),
 .UNSPECIFIED., .F., .F. ) 
 B_SPLINE_CURVE_WITH_KNOTS ( ( 4, 4 ),
 ( 4.341444792397389563, 4.342926838816481450 ),
 .UNSPECIFIED. ) 
 CURVE ( )  GEOMETRIC_REPRESENTATION_ITEM ( )  RATIONAL_B_SPLINE_CURVE ( ( 1.000000000000000000, 0.9999998169615427202, 0.9999998169615427202, 1.000000000000000000 ) ) 
 REPRESENTATION_ITEM ( '' )  );
#162 = ORIENTED_EDGE ( 'NONE', *, *, #2466, .F. ) ;
#163 = CONICAL_SURFACE ( 'NONE', #214, 2.100000000000000089, 1.172861257340199304 ) ;
#164 = ADVANCED_FACE ( 'NONE', ( #563 ), #2917, .F. ) ;
#165 = DIRECTION ( 'NONE',  ( -0.000000000000000000, 1.000000000000000000, -0.000000000000000000 ) ) ;
#166 = CARTESIAN_POINT ( 'NONE',  ( -0.4000000000000010214, -1.502637486114517751, -12.48900000000000077 ) ) ;
#167 = ORIENTED_EDGE ( 'NONE', *, *, #1879, .F. ) ;
#168 = CARTESIAN_POINT ( 'NONE',  ( -0.4980973490458784347, 2.040073290564214936, 3.295422128626185554 ) ) ;
#169 = AXIS2_PLACEMENT_3D ( 'NONE', #1636, #744, #502 ) ;
#170 = DIRECTION ( 'NONE',  ( 1.000000000000000000, 0.000000000000000000, 0.000000000000000000 ) ) ;
#171 = LOCAL_TIME ( 13, 52, 31.00000000000000000, #762 ) ;
#172 = CARTESIAN_POINT ( 'NONE',  ( -0.7499999999999996669, 1.961504524593302490, -7.445000000000000284 ) ) ;
#173 = CARTESIAN_POINT ( 'NONE',  ( 0.000000000000000000, 0.000000000000000000, 5.438999999999999169 ) ) ;
#174 = CIRCLE ( 'NONE', #2625, 1.554966049364602254 ) ;
#175 = FACE_OUTER_BOUND ( 'NONE', #2708, .T. ) ;
#176 = EDGE_LOOP ( 'NONE', ( #1058, #804, #2343, #1055 ) ) ;
#177 = CARTESIAN_POINT ( 'NONE',  ( 0.000000000000000000, 2.350000000000000533, 0.8890000000000009006 ) ) ;
#178 = EDGE_CURVE ( 'NONE', #2623, #2058, #1230, .T. ) ;
#179 = VERTEX_POINT ( 'NONE', #1245 ) ;
#180 = CARTESIAN_POINT ( 'NONE',  ( -0.4000000000000010214, 2.061552812808832069, -11.48899999999999899 ) ) ;
#181 = CARTESIAN_POINT ( 'NONE',  ( 0.000000000000000000, 0.000000000000000000, -11.87307225861763804 ) ) ;
#182 = EDGE_LOOP ( 'NONE', ( #1550, #1691, #471, #2219 ) ) ;
#183 = CARTESIAN_POINT ( 'NONE',  ( 0.2470723783330724399, 2.087434397081523230, 2.887282604411554932 ) ) ;
#184 = EDGE_CURVE ( 'NONE', #1002, #1804, #1545, .T. ) ;
#185 = LINE ( 'NONE', #1106, #588 ) ;
#186 = CARTESIAN_POINT ( 'NONE',  ( 0.6593895131183323821, 1.993791731849032800, -11.48899999999999899 ) ) ;
#187 =( BOUNDED_CURVE ( )  B_SPLINE_CURVE ( 3, ( #266, #1162, #1671, #2817 ),
 .UNSPECIFIED., .F., .F. ) 
 B_SPLINE_CURVE_WITH_KNOTS ( ( 4, 4 ),
 ( 1.658062789394600500, 4.625122517784985732 ),
 .UNSPECIFIED. ) 
 CURVE ( )  GEOMETRIC_REPRESENTATION_ITEM ( )  RATIONAL_B_SPLINE_CURVE ( ( 1.000000000000000000, 0.3914371618317638024, 0.3914371618317638024, 1.000000000000000000 ) ) 
 REPRESENTATION_ITEM ( '' )  );
#188 = FACE_OUTER_BOUND ( 'NONE', #690, .T. ) ;
#189 = VERTEX_POINT ( 'NONE', #1453 ) ;
#190 = EDGE_LOOP ( 'NONE', ( #1546, #1357, #24, #65 ) ) ;
#191 = LINE ( 'NONE', #1824, #2658 ) ;
#192 = CARTESIAN_POINT ( 'NONE',  ( -0.7499999999999996669, 2.899999999999999911, -7.238999999999998991 ) ) ;
#193 = ORIENTED_EDGE ( 'NONE', *, *, #2659, .F. ) ;
#194 = CARTESIAN_POINT ( 'NONE',  ( -0.4871800118523887391, -2.042738830444507769, 3.170636393497698435 ) ) ;
#195 = CARTESIAN_POINT ( 'NONE',  ( -1.959412432082495048, -0.8453832043415095976, -0.07408238133552169646 ) ) ;
#196 = CARTESIAN_POINT ( 'NONE',  ( -0.1236690215010798344, -2.099990463092004767, -9.189040055015562203 ) ) ;
#197 = EDGE_CURVE ( 'NONE', #2, #2573, #1936, .T. ) ;
#198 = DIRECTION ( 'NONE',  ( 0.08682659386424436410, 0.08682659386424780579, -0.9924325091389674114 ) ) ;
#199 = DIRECTION ( 'NONE',  ( 3.343858152016827236E-15, 0.000000000000000000, 1.000000000000000000 ) ) ;
#200 = EDGE_CURVE ( 'NONE', #429, #232, #652, .T. ) ;
#201 = CARTESIAN_POINT ( 'NONE',  ( -0.4000000000000010214, 0.000000000000000000, -12.48900000000000077 ) ) ;
#202 = ORIENTED_EDGE ( 'NONE', *, *, #31, .F. ) ;
#203 = VECTOR ( 'NONE', #71, 1000.000000000000000 ) ;
#204 = CIRCLE ( 'NONE', #837, 2.100000000000000089 ) ;
#205 = ORIENTED_EDGE ( 'NONE', *, *, #844, .T. ) ;
#206 = CIRCLE ( 'NONE', #1912, 2.100000000000000089 ) ;
#207 = CARTESIAN_POINT ( 'NONE',  ( -0.9245164006357486919, 2.350000000000000089, 0.8890000000000007896 ) ) ;
#208 = CARTESIAN_POINT ( 'NONE',  ( -1.958295588161934164, 0.8486177109634666094, -0.02472045621155938983 ) ) ;
#209 = ORIENTED_EDGE ( 'NONE', *, *, #1030, .T. ) ;
#210 = CARTESIAN_POINT ( 'NONE',  ( -1.992835335027386190, -0.7411165453365340383, 0.8890000000000009006 ) ) ;
#211 = VERTEX_POINT ( 'NONE', #773 ) ;
#212 = FACE_OUTER_BOUND ( 'NONE', #2950, .T. ) ;
#213 = DIRECTION ( 'NONE',  ( 1.000000000000000000, 0.000000000000000000, -0.000000000000000000 ) ) ;
#214 = AXIS2_PLACEMENT_3D ( 'NONE', #1274, #2452, #541 ) ;
#215 = DIRECTION ( 'NONE',  ( 0.000000000000000000, 1.665334536937735304E-16, -1.000000000000000000 ) ) ;
#216 = PRODUCT_DEFINITION_FORMATION_WITH_SPECIFIED_SOURCE ( 'ANY', '', #2888, .NOT_KNOWN. ) ;
#217 = CARTESIAN_POINT ( 'NONE',  ( -2.500000000000000000, 2.899999999999999911, -7.238999999999998991 ) ) ;
#218 = EDGE_CURVE ( 'NONE', #511, #350, #1955, .T. ) ;
#219 = ORIENTED_EDGE ( 'NONE', *, *, #509, .F. ) ;
#220 = VERTEX_POINT ( 'NONE', #2686 ) ;
#221 = CYLINDRICAL_SURFACE ( 'NONE', #883, 2.100000000000000089 ) ;
#222 = CARTESIAN_POINT ( 'NONE',  ( -1.957545608681447113, -0.8507825969242233111, 0.000000000000000000 ) ) ;
#223 = VERTEX_POINT ( 'NONE', #1974 ) ;
#224 = LINE ( 'NONE', #1853, #2319 ) ;
#225 = VERTEX_POINT ( 'NONE', #1741 ) ;
#226 = CARTESIAN_POINT ( 'NONE',  ( -2.500000000000000000, 2.899999999999999911, -5.460999999999999410 ) ) ;
#227 = CARTESIAN_POINT ( 'NONE',  ( 0.1233449203368012087, -2.100009524403047667, -9.188959997505213195 ) ) ;
#228 = CARTESIAN_POINT ( 'NONE',  ( -1.292526595471057416, 2.900000000000001688, -5.460999999999999410 ) ) ;
#229 = CARTESIAN_POINT ( 'NONE',  ( 0.3999999999999975797, 1.502637486114524634, 6.139000000000005564 ) ) ;
#230 = VERTEX_POINT ( 'NONE', #2900 ) ;
#231 = EDGE_CURVE ( 'NONE', #36, #2773, #1719, .T. ) ;
#232 = VERTEX_POINT ( 'NONE', #2225 ) ;
#233 = CARTESIAN_POINT ( 'NONE',  ( -0.4000000000000010214, 2.232710535457612888, -11.97076274578120803 ) ) ;
#234 = ADVANCED_FACE ( 'NONE', ( #985 ), #1925, .T. ) ;
#235 = ORIENTED_EDGE ( 'NONE', *, *, #2045, .F. ) ;
#236 = DIRECTION ( 'NONE',  ( 0.000000000000000000, 1.000000000000000000, -0.000000000000000000 ) ) ;
#237 = ORIENTED_EDGE ( 'NONE', *, *, #2446, .T. ) ;
#238 = DIRECTION ( 'NONE',  ( 9.901389703063967462E-17, 0.000000000000000000, 1.000000000000000000 ) ) ;
#239 = DIRECTION ( 'NONE',  ( 0.000000000000000000, -1.665334536937735304E-16, 1.000000000000000000 ) ) ;
#240 = DIRECTION ( 'NONE',  ( 1.000000000000000000, 0.000000000000000000, 0.000000000000000000 ) ) ;
#241 = CARTESIAN_POINT ( 'NONE',  ( 1.957169543971350567, 0.8518645728753659885, 0.000000000000000000 ) ) ;
#242 = DIRECTION ( 'NONE',  ( 0.000000000000000000, 0.000000000000000000, 1.000000000000000000 ) ) ;
#243 = VERTEX_POINT ( 'NONE', #2932 ) ;
#244 = TOROIDAL_SURFACE ( 'NONE', #103, 1.554966049364602254, 0.7500000000000000000 ) ;
#245 = ORIENTED_EDGE ( 'NONE', *, *, #1971, .F. ) ;
#246 = EDGE_CURVE ( 'NONE', #36, #1100, #897, .T. ) ;
#247 = CARTESIAN_POINT ( 'NONE',  ( -0.4980973490458714958, 2.040073290564207831, -9.645422128626172764 ) ) ;
#248 = AXIS2_PLACEMENT_3D ( 'NONE', #1919, #2865, #753 ) ;
#249 = PERSON_AND_ORGANIZATION ( #638, #3005 ) ;
#250 = ORIENTED_EDGE ( 'NONE', *, *, #2624, .F. ) ;
#251 = CARTESIAN_POINT ( 'NONE',  ( -0.3999999999999975797, 2.232710535457607559, 5.620762745781215486 ) ) ;
#252 = AXIS2_PLACEMENT_3D ( 'NONE', #761, #1698, #2645 ) ;
#253 = EDGE_CURVE ( 'NONE', #2193, #845, #1388, .T. ) ;
#254 = CARTESIAN_POINT ( 'NONE',  ( 0.000000000000000000, 0.000000000000000000, 5.620762745781215486 ) ) ;
#255 = FACE_OUTER_BOUND ( 'NONE', #1531, .T. ) ;
#256 = VECTOR ( 'NONE', #1771, 1000.000000000000000 ) ;
#257 = AXIS2_PLACEMENT_3D ( 'NONE', #607, #1555, #622 ) ;
#258 = CONICAL_SURFACE ( 'NONE', #1327, 2.100000000000000089, 1.172861257340199304 ) ;
#259 = CYLINDRICAL_SURFACE ( 'NONE', #110, 0.5000000000000000000 ) ;
#260 = CARTESIAN_POINT ( 'NONE',  ( -0.4980973490458784347, 0.5635524950881043438, 3.295422128626185554 ) ) ;
#261 = VERTEX_POINT ( 'NONE', #108 ) ;
#262 = CONICAL_SURFACE ( 'NONE', #2277, 2.100000000000000089, 1.172861257340199304 ) ;
#263 = CIRCLE ( 'NONE', #1868, 2.100000000000000089 ) ;
#264 = EDGE_LOOP ( 'NONE', ( #143, #1226, #751, #1956, #1286, #874, #2651, #997 ) ) ;
#265 = LINE ( 'NONE', #2101, #1716 ) ;
#266 = CARTESIAN_POINT ( 'NONE',  ( 0.4980973490458784347, -0.5635524950881043438, 3.295422128626185554 ) ) ;
#267 = CARTESIAN_POINT ( 'NONE',  ( -1.982800871145370181, -0.7740871510008234813, -0.8890000000000000124 ) ) ;
#268 = ORIENTED_EDGE ( 'NONE', *, *, #1707, .T. ) ;
#269 = CARTESIAN_POINT ( 'NONE',  ( 0.4980973490458784347, 2.040073290564201169, 3.295422128626185554 ) ) ;
#270 = CARTESIAN_POINT ( 'NONE',  ( 2.299999999999999822, 0.000000000000000000, -11.87307225861763804 ) ) ;
#271 = ORIENTED_EDGE ( 'NONE', *, *, #2048, .F. ) ;
#272 = EDGE_CURVE ( 'NONE', #1298, #1866, #2703, .T. ) ;
#273 = DIRECTION ( 'NONE',  ( 1.000000000000000000, -0.000000000000000000, -0.000000000000000000 ) ) ;
#274 = CARTESIAN_POINT ( 'NONE',  ( 0.4000000000000010769, -1.820969194338323938, -12.44013263996619045 ) ) ;
#275 = CARTESIAN_POINT ( 'NONE',  ( 0.000000000000000000, 0.000000000000000000, -11.48900000000000254 ) ) ;
#276 = ORIENTED_EDGE ( 'NONE', *, *, #1505, .F. ) ;
#277 = EDGE_LOOP ( 'NONE', ( #128, #39, #2464, #2103 ) ) ;
#278 = CARTESIAN_POINT ( 'NONE',  ( -2.100000000000000089, 0.000000000000000000, 5.438999999999999169 ) ) ;
#279 = APPLICATION_PROTOCOL_DEFINITION ( 'international standard', 'config_control_design', 1994, #2367 ) ;
#280 = VERTEX_POINT ( 'NONE', #391 ) ;
#281 = DIRECTION ( 'NONE',  ( 1.000000000000000000, 0.000000000000000000, 0.000000000000000000 ) ) ;
#282 = DIRECTION ( 'NONE',  ( 1.000000000000000000, 0.000000000000000000, -0.000000000000000000 ) ) ;
#283 = EDGE_LOOP ( 'NONE', ( #2261, #2456, #319, #304, #824, #1791, #1585, #2901, #1005, #1377, #425, #2451 ) ) ;
#284 = CARTESIAN_POINT ( 'NONE',  ( -1.959412432082495048, -0.8453832043415095976, -0.07408238133552169646 ) ) ;
#285 = EDGE_CURVE ( 'NONE', #72, #1407, #2521, .T. ) ;
#286 = EDGE_CURVE ( 'NONE', #1728, #717, #174, .T. ) ;
#287 = CARTESIAN_POINT ( 'NONE',  ( 0.4000000000000010214, -2.182266827280789467, -12.12357945836740747 ) ) ;
#288 = DIRECTION ( 'NONE',  ( -1.000000000000000000, 0.000000000000000000, 0.000000000000000000 ) ) ;
#289 = ORIENTED_EDGE ( 'NONE', *, *, #31, .T. ) ;
#290 = ADVANCED_FACE ( 'NONE', ( #1814 ), #800, .T. ) ;
#291 = ORIENTED_EDGE ( 'NONE', *, *, #1559, .T. ) ;
#292 = DIRECTION ( 'NONE',  ( -1.000000000000000000, 0.000000000000000000, 0.000000000000000000 ) ) ;
#293 = CARTESIAN_POINT ( 'NONE',  ( -2.017135129506590463, 0.5920459111049660716, -2.969740893269234849 ) ) ;
#294 = ORIENTED_EDGE ( 'NONE', *, *, #2244, .F. ) ;
#295 = CIRCLE ( 'NONE', #1218, 0.7500000000000006661 ) ;
#296 = CARTESIAN_POINT ( 'NONE',  ( 1.982800871146050525, 0.7740871510008278111, -0.8890000000000000124 ) ) ;
#297 = DIRECTION ( 'NONE',  ( 0.000000000000000000, 0.000000000000000000, 1.000000000000000000 ) ) ;
#298 = ORIENTED_EDGE ( 'NONE', *, *, #1203, .T. ) ;
#299 = AXIS2_PLACEMENT_3D ( 'NONE', #2806, #3032, #2777 ) ;
#300 = CARTESIAN_POINT ( 'NONE',  ( -1.957169543971350567, 0.8518645728753659885, 0.000000000000000000 ) ) ;
#301 = AXIS2_PLACEMENT_3D ( 'NONE', #2640, #968, #2132 ) ;
#302 = CARTESIAN_POINT ( 'NONE',  ( -1.982800871145367960, 0.7740871510008296985, 0.8890000000000009006 ) ) ;
#303 = DIRECTION ( 'NONE',  ( -0.000000000000000000, 1.000000000000000000, 0.000000000000000000 ) ) ;
#304 = ORIENTED_EDGE ( 'NONE', *, *, #184, .F. ) ;
#305 = EDGE_CURVE ( 'NONE', #2043, #3029, #2766, .T. ) ;
#306 = EDGE_LOOP ( 'NONE', ( #2156, #2784, #1175, #2280 ) ) ;
#307 = CARTESIAN_POINT ( 'NONE',  ( 0.6593895131183358238, -1.993791731849034576, 5.139000000000004675 ) ) ;
#308 = COORDINATED_UNIVERSAL_TIME_OFFSET ( 6, 0, .BEHIND. ) ;
#309 = FACE_OUTER_BOUND ( 'NONE', #1934, .T. ) ;
#310 = ORIENTED_EDGE ( 'NONE', *, *, #305, .F. ) ;
#311 = DIRECTION ( 'NONE',  ( 1.000000000000000000, 0.000000000000000000, 0.000000000000000000 ) ) ;
#312 = CARTESIAN_POINT ( 'NONE',  ( -3.174999999999999822, 0.000000000000000000, -7.238999999999999879 ) ) ;
#313 = VERTEX_POINT ( 'NONE', #2975 ) ;
#314 = DIRECTION ( 'NONE',  ( 0.000000000000000000, 1.665334536937735304E-16, -1.000000000000000000 ) ) ;
#315 = CARTESIAN_POINT ( 'NONE',  ( 2.100000000000000089, 1.314663258776406086E-15, 8.091256121069156038 ) ) ;
#316 = CARTESIAN_POINT ( 'NONE',  ( -0.4000000000000011324, -2.243459280444428661, -11.93819995583811711 ) ) ;
#317 = ORIENTED_EDGE ( 'NONE', *, *, #1634, .T. ) ;
#318 = DIRECTION ( 'NONE',  ( 1.000000000000000000, 0.000000000000000000, 0.000000000000000000 ) ) ;
#319 = ORIENTED_EDGE ( 'NONE', *, *, #1949, .T. ) ;
#320 = EDGE_CURVE ( 'NONE', #429, #1084, #895, .T. ) ;
#321 = CARTESIAN_POINT ( 'NONE',  ( 0.000000000000000000, 0.000000000000000000, -7.238999999999999879 ) ) ;
#322 = ORIENTED_EDGE ( 'NONE', *, *, #1086, .T. ) ;
#323 = ADVANCED_FACE ( 'NONE', ( #2300 ), #2289, .T. ) ;
#324 = CARTESIAN_POINT ( 'NONE',  ( 1.975391655736663754, 0.7978532881304688518, -0.6173518095736070244 ) ) ;
#325 = CARTESIAN_POINT ( 'NONE',  ( 0.4784100186933648580, -0.5832398254406179205, 3.070394912995183745 ) ) ;
#326 = VERTEX_POINT ( 'NONE', #2240 ) ;
#327 = DIRECTION ( 'NONE',  ( 1.000000000000000000, 0.000000000000000000, 0.000000000000000000 ) ) ;
#328 = PLANE ( 'NONE',  #2271 ) ;
#329 = CARTESIAN_POINT ( 'NONE',  ( 1.974718017464871522, -0.8000140809621067994, 0.5926538344925699198 ) ) ;
#330 = CARTESIAN_POINT ( 'NONE',  ( 0.3999999999999975797, 1.663442899047759882, 6.139000000000002899 ) ) ;
#331 = ORIENTED_EDGE ( 'NONE', *, *, #2970, .T. ) ;
#332 = CARTESIAN_POINT ( 'NONE',  ( -0.4980973490458784347, -2.040073290564214936, 3.295422128626185554 ) ) ;
#333 = VERTEX_POINT ( 'NONE', #2475 ) ;
#334 = CARTESIAN_POINT ( 'NONE',  ( 3.176025000000002763, 0.8453832043415124842, -0.07408238133550916482 ) ) ;
#335 = EDGE_CURVE ( 'NONE', #1614, #2043, #1800, .T. ) ;
#336 = VERTEX_POINT ( 'NONE', #140 ) ;
#337 = CARTESIAN_POINT ( 'NONE',  ( 3.176025000000002763, 0.8486177109635287819, 0.000000000000000000 ) ) ;
#338 = CARTESIAN_POINT ( 'NONE',  ( 0.000000000000000000, 1.057487430955461841E-15, -5.460999999999999410 ) ) ;
#339 = EDGE_LOOP ( 'NONE', ( #2210, #684, #2162, #559 ) ) ;
#340 = CYLINDRICAL_SURFACE ( 'NONE', #1773, 3.174999999999999822 ) ;
#341 = EDGE_CURVE ( 'NONE', #1469, #890, #1438, .T. ) ;
#342 = AXIS2_PLACEMENT_3D ( 'NONE', #2326, #2542, #1610 ) ;
#343 = CARTESIAN_POINT ( 'NONE',  ( 0.000000000000000000, 0.000000000000000000, -6.349999999999999645 ) ) ;
#344 = PLANE ( 'NONE',  #2212 ) ;
#345 = AXIS2_PLACEMENT_3D ( 'NONE', #2330, #1094, #1856 ) ;
#346 = CARTESIAN_POINT ( 'NONE',  ( 2.017135129506590907, 0.5920459111049621859, 2.969740893269212201 ) ) ;
#347 = ORIENTED_EDGE ( 'NONE', *, *, #3012, .F. ) ;
#348 = VECTOR ( 'NONE', #748, 1000.000000000000114 ) ;
#349 = LINE ( 'NONE', #596, #2770 ) ;
#350 = VERTEX_POINT ( 'NONE', #409 ) ;
#351 = VECTOR ( 'NONE', #2038, 1000.000000000000000 ) ;
#352 = VECTOR ( 'NONE', #2458, 1000.000000000000000 ) ;
#353 = PLANE ( 'NONE',  #252 ) ;
#354 = VERTEX_POINT ( 'NONE', #2024 ) ;
#355 = CARTESIAN_POINT ( 'NONE',  ( -2.100000000000000089, 0.000000000000000000, -11.78900000000000148 ) ) ;
#356 = DIRECTION ( 'NONE',  ( 0.000000000000000000, 1.665334536937735304E-16, -1.000000000000000000 ) ) ;
#357 = AXIS2_PLACEMENT_3D ( 'NONE', #1171, #2114, #1156 ) ;
#358 = CC_DESIGN_PERSON_AND_ORGANIZATION_ASSIGNMENT ( #2605, #2727, ( #216 ) ) ;
#359 = ORIENTED_EDGE ( 'NONE', *, *, #2410, .T. ) ;
#360 = DIRECTION ( 'NONE',  ( -0.000000000000000000, -1.665334536937735304E-16, 1.000000000000000000 ) ) ;
#361 = ADVANCED_FACE ( 'NONE', ( #2254 ), #153, .T. ) ;
#362 = DIRECTION ( 'NONE',  ( 0.000000000000000000, 1.000000000000000000, 0.000000000000000000 ) ) ;
#363 = DIRECTION ( 'NONE',  ( -0.000000000000000000, -0.000000000000000000, 1.000000000000000000 ) ) ;
#364 = EDGE_CURVE ( 'NONE', #1766, #280, #2688, .T. ) ;
#365 = CARTESIAN_POINT ( 'NONE',  ( -0.7499999999999996669, -1.000000000000000000, -7.445000000000000284 ) ) ;
#366 = ORIENTED_EDGE ( 'NONE', *, *, #1463, .T. ) ;
#367 = EDGE_CURVE ( 'NONE', #2232, #2894, #1081, .T. ) ;
#368 = ORIENTED_EDGE ( 'NONE', *, *, #1067, .F. ) ;
#369 = CARTESIAN_POINT ( 'NONE',  ( 0.6062564592894054138, -2.011363967672409103, 4.531686415729916817 ) ) ;
#370 =( BOUNDED_CURVE ( )  B_SPLINE_CURVE ( 3, ( #247, #732, #474, #1627 ),
 .UNSPECIFIED., .F., .F. ) 
 B_SPLINE_CURVE_WITH_KNOTS ( ( 4, 4 ),
 ( 1.810267798689539243, 1.890194266040168047 ),
 .UNSPECIFIED. ) 
 CURVE ( )  GEOMETRIC_REPRESENTATION_ITEM ( )  RATIONAL_B_SPLINE_CURVE ( ( 1.000000000000000000, 0.9994677174976543954, 0.9994677174976543954, 1.000000000000000000 ) ) 
 REPRESENTATION_ITEM ( '' )  );
#371 = VERTEX_POINT ( 'NONE', #186 ) ;
#372 = CARTESIAN_POINT ( 'NONE',  ( -1.195324191840007710, -3.300033248448231760, 0.8890000000000009006 ) ) ;
#373 = CARTESIAN_POINT ( 'NONE',  ( 0.000000000000000000, 0.000000000000000000, -11.73899999999999899 ) ) ;
#374 = ORIENTED_EDGE ( 'NONE', *, *, #1543, .T. ) ;
#375 = CARTESIAN_POINT ( 'NONE',  ( -0.1236690215010809168, 2.099990463092003878, 2.839040055015574104 ) ) ;
#376 = LINE ( 'NONE', #152, #497 ) ;
#377 = DIRECTION ( 'NONE',  ( -0.000000000000000000, -0.000000000000000000, -1.000000000000000000 ) ) ;
#378 = EDGE_CURVE ( 'NONE', #326, #2411, #1679, .T. ) ;
#379 = VERTEX_POINT ( 'NONE', #1294 ) ;
#380 = CARTESIAN_POINT ( 'NONE',  ( 0.4000000000000010214, 2.243459280444427328, -11.93819995583811888 ) ) ;
#381 = EDGE_CURVE ( 'NONE', #1194, #83, #1108, .T. ) ;
#382 = ORIENTED_EDGE ( 'NONE', *, *, #2509, .F. ) ;
#383 = ORIENTED_EDGE ( 'NONE', *, *, #2823, .T. ) ;
#384 = CARTESIAN_POINT ( 'NONE',  ( -0.4000000000000011879, 1.820969194338323494, -12.44013263996619045 ) ) ;
#385 = CARTESIAN_POINT ( 'NONE',  ( 0.4000000000000011324, 1.663407726524676722, -12.48900000000000610 ) ) ;
#386 = ORIENTED_EDGE ( 'NONE', *, *, #197, .T. ) ;
#387 =( BOUNDED_CURVE ( )  B_SPLINE_CURVE ( 3, ( #1417, #2810, #680, #1370 ),
 .UNSPECIFIED., .F., .F. ) 
 B_SPLINE_CURVE_WITH_KNOTS ( ( 4, 4 ),
 ( 1.193279891595398601, 1.331324854900254095 ),
 .UNSPECIFIED. ) 
 CURVE ( )  GEOMETRIC_REPRESENTATION_ITEM ( )  RATIONAL_B_SPLINE_CURVE ( ( 1.000000000000000000, 0.9984125960386560639, 0.9984125960386560639, 1.000000000000000000 ) ) 
 REPRESENTATION_ITEM ( '' )  );
#388 = LINE ( 'NONE', #1104, #63 ) ;
#389 = CARTESIAN_POINT ( 'NONE',  ( 0.000000000000000000, 0.000000000000000000, 5.523072258617645502 ) ) ;
#390 = LINE ( 'NONE', #2269, #256 ) ;
#391 = CARTESIAN_POINT ( 'NONE',  ( 0.6593895131183323821, -1.993791731849034576, -11.48899999999999899 ) ) ;
#392 = AXIS2_PLACEMENT_3D ( 'NONE', #1812, #239, #450 ) ;
#393 = CARTESIAN_POINT ( 'NONE',  ( 0.4000000000000010214, 2.264950330581225746, -11.87307225861763804 ) ) ;
#394 = AXIS2_PLACEMENT_3D ( 'NONE', #1287, #119, #2198 ) ;
#395 = VERTEX_POINT ( 'NONE', #1121 ) ;
#396 = VECTOR ( 'NONE', #1464, 1000.000000000000000 ) ;
#397 = EDGE_CURVE ( 'NONE', #146, #80, #1090, .T. ) ;
#398 = VERTEX_POINT ( 'NONE', #611 ) ;
#399 = AXIS2_PLACEMENT_3D ( 'NONE', #1904, #560, #1692 ) ;
#400 = CARTESIAN_POINT ( 'NONE',  ( -0.4000000000000010214, 1.663442899047754553, -12.48899999999999899 ) ) ;
#401 = B_SPLINE_CURVE_WITH_KNOTS ( 'NONE', 3,
 ( #3021, #1619, #3034, #2142, #1603, #2332 ),
 .UNSPECIFIED., .F., .F.,
 ( 4, 2, 4 ),
 ( 0.000000000000000000, 0.0003704957869547435400, 0.0007409915739094870800 ),
 .UNSPECIFIED. ) ;
#402 = CARTESIAN_POINT ( 'NONE',  ( 2.040073290564206498, -0.4980973490458769359, -4.043577871373832622 ) ) ;
#403 = ORIENTED_EDGE ( 'NONE', *, *, #1142, .T. ) ;
#404 = CARTESIAN_POINT ( 'NONE',  ( -0.4000000000000010214, -2.061552812808830293, -11.78900000000000148 ) ) ;
#405 = B_SPLINE_CURVE_WITH_KNOTS ( 'NONE', 3,
 ( #714, #1649, #1191, #2837 ),
 .UNSPECIFIED., .F., .F.,
 ( 4, 4 ),
 ( 0.003167387165916960533, 0.003985740514216656871 ),
 .UNSPECIFIED. ) ;
#406 = AXIS2_PLACEMENT_3D ( 'NONE', #1864, #242, #1420 ) ;
#407 = DIRECTION ( 'NONE',  ( 0.000000000000000000, -1.000000000000000000, 0.000000000000000000 ) ) ;
#408 = DIRECTION ( 'NONE',  ( 1.000000000000000000, 0.000000000000000000, 0.000000000000000000 ) ) ;
#409 = CARTESIAN_POINT ( 'NONE',  ( -0.7499999999999982236, -1.961504524593302934, -5.460999999999999410 ) ) ;
#410 = AXIS2_PLACEMENT_3D ( 'NONE', #173, #377, #624 ) ;
#411 = DIRECTION ( 'NONE',  ( -1.000000000000000000, 0.000000000000000000, -0.000000000000000000 ) ) ;
#412 = EDGE_LOOP ( 'NONE', ( #1676, #2427, #2433, #922, #1963, #2341 ) ) ;
#413 = ORIENTED_EDGE ( 'NONE', *, *, #341, .T. ) ;
#414 = EDGE_CURVE ( 'NONE', #2370, #532, #1867, .T. ) ;
#415 = CARTESIAN_POINT ( 'NONE',  ( -0.3999999999999975797, 2.061552812808828516, 5.438999999999999169 ) ) ;
#416 = CARTESIAN_POINT ( 'NONE',  ( 3.176025000000002763, -0.7740871510008234813, -0.8890000000000000124 ) ) ;
#417 = ORIENTED_EDGE ( 'NONE', *, *, #1946, .F. ) ;
#418 = CARTESIAN_POINT ( 'NONE',  ( 0.4871800118523886280, 2.042738830444506881, 3.170636393497697547 ) ) ;
#419 = ADVANCED_FACE ( 'NONE', ( #2722 ), #700, .T. ) ;
#420 = DIRECTION ( 'NONE',  ( 0.000000000000000000, -0.000000000000000000, -1.000000000000000000 ) ) ;
#421 = CARTESIAN_POINT ( 'NONE',  ( 0.4980973490458714958, -2.040073290564207831, -9.645422128626172764 ) ) ;
#422 = DIRECTION ( 'NONE',  ( 2.970416910919190115E-16, 0.000000000000000000, 1.000000000000000000 ) ) ;
#423 = CARTESIAN_POINT ( 'NONE',  ( -0.4000000000000010214, -2.061552812808830293, -11.78900000000000148 ) ) ;
#424 = DIRECTION ( 'NONE',  ( 0.000000000000000000, 1.000000000000000000, 0.000000000000000000 ) ) ;
#425 = ORIENTED_EDGE ( 'NONE', *, *, #2487, .T. ) ;
#426 = ORIENTED_EDGE ( 'NONE', *, *, #1561, .F. ) ;
#427 = CARTESIAN_POINT ( 'NONE',  ( 0.3999999999999975797, 2.264950330581230631, 5.523072258617645502 ) ) ;
#428 = DIRECTION ( 'NONE',  ( -3.343858152016827236E-15, 1.665334536937735304E-16, -1.000000000000000000 ) ) ;
#429 = VERTEX_POINT ( 'NONE', #2822 ) ;
#430 = CARTESIAN_POINT ( 'NONE',  ( 0.2470917478819867619, -2.087439085565597985, 2.887221323398966977 ) ) ;
#431 = ORIENTED_EDGE ( 'NONE', *, *, #1410, .F. ) ;
#432 = CARTESIAN_POINT ( 'NONE',  ( -0.6374886610082070026, -0.4241611831257787735, 4.888672114906271737 ) ) ;
#433 = CARTESIAN_POINT ( 'NONE',  ( 0.000000000000000000, 2.350000000000000533, -0.8890000000000009006 ) ) ;
#434 = ADVANCED_FACE ( 'NONE', ( #1386 ), #262, .T. ) ;
#435 = CARTESIAN_POINT ( 'NONE',  ( 1.292526595471056527, -2.899999999999999911, -5.460999999999999410 ) ) ;
#436 = DIRECTION ( 'NONE',  ( 0.000000000000000000, -1.000000000000000000, 0.000000000000000000 ) ) ;
#437 = B_SPLINE_CURVE_WITH_KNOTS ( 'NONE', 3,
 ( #1950, #527, #2851, #2879 ),
 .UNSPECIFIED., .F., .F.,
 ( 4, 4 ),
 ( 0.007647354141962966860, 0.007869202712918559744 ),
 .UNSPECIFIED. ) ;
#438 = DIRECTION ( 'NONE',  ( -0.08715574274765490459, 0.000000000000000000, 0.9961946980917457672 ) ) ;
#439 = ORIENTED_EDGE ( 'NONE', *, *, #2880, .F. ) ;
#440 = AXIS2_PLACEMENT_3D ( 'NONE', #2405, #2834, #1920 ) ;
#441 = AXIS2_PLACEMENT_3D ( 'NONE', #2153, #51, #979 ) ;
#442 = ORIENTED_EDGE ( 'NONE', *, *, #129, .F. ) ;
#443 = VECTOR ( 'NONE', #436, 1000.000000000000000 ) ;
#444 = CARTESIAN_POINT ( 'NONE',  ( -1.987772171367460983, 0.6841887797112466973, 1.916543085772916877 ) ) ;
#445 = DIRECTION ( 'NONE',  ( -0.000000000000000000, -1.000000000000000000, -1.665334536937735304E-16 ) ) ;
#446 = DIRECTION ( 'NONE',  ( -0.000000000000000000, -0.000000000000000000, -1.000000000000000000 ) ) ;
#447 = CARTESIAN_POINT ( 'NONE',  ( 1.958670460279652970, -0.8475367633700644499, -0.04946708900204729170 ) ) ;
#448 = ORIENTED_EDGE ( 'NONE', *, *, #2373, .F. ) ;
#449 = LINE ( 'NONE', #226, #1173 ) ;
#450 = DIRECTION ( 'NONE',  ( 1.000000000000000000, 0.000000000000000000, 0.000000000000000000 ) ) ;
#451 = AXIS2_PLACEMENT_3D ( 'NONE', #2668, #314, #756 ) ;
#452 = DIRECTION ( 'NONE',  ( -1.000000000000000000, 0.000000000000000000, 0.000000000000000000 ) ) ;
#453 = EDGE_CURVE ( 'NONE', #354, #326, #2094, .T. ) ;
#454 = CARTESIAN_POINT ( 'NONE',  ( -2.040073290564206498, -0.4980973490458769359, -4.043577871373832622 ) ) ;
#455 = AXIS2_PLACEMENT_3D ( 'NONE', #275, #2571, #1 ) ;
#456 = CARTESIAN_POINT ( 'NONE',  ( 0.3999999999999978018, -2.083236664664702253, 5.905597390643916533 ) ) ;
#457 = ORIENTED_EDGE ( 'NONE', *, *, #510, .T. ) ;
#458 = EDGE_CURVE ( 'NONE', #1578, #736, #655, .T. ) ;
#459 = B_SPLINE_CURVE_WITH_KNOTS ( 'NONE', 3,
 ( #501, #2363, #57, #302 ),
 .UNSPECIFIED., .F., .F.,
 ( 4, 4 ),
 ( 1.026690184999051671E-18, 0.0008927638502348504918 ),
 .UNSPECIFIED. ) ;
#460 = ORIENTED_EDGE ( 'NONE', *, *, #272, .T. ) ;
#461 = DIRECTION ( 'NONE',  ( 0.000000000000000000, 1.000000000000000000, 0.000000000000000000 ) ) ;
#462 = LINE ( 'NONE', #1839, #2991 ) ;
#463 = VERTEX_POINT ( 'NONE', #435 ) ;
#464 = ORIENTED_EDGE ( 'NONE', *, *, #1123, .T. ) ;
#465 = LINE ( 'NONE', #1105, #1966 ) ;
#466 = PLANE ( 'NONE',  #2947 ) ;
#467 = DIRECTION ( 'NONE',  ( -0.3090169943749448977, 0.000000000000000000, -0.9510565162951544194 ) ) ;
#468 = CARTESIAN_POINT ( 'NONE',  ( 0.3999999999999976907, -2.243459280444428217, 5.588199955838125454 ) ) ;
#469 = CARTESIAN_POINT ( 'NONE',  ( 0.3999999999999975797, -2.232710535457607559, 5.620762745781215486 ) ) ;
#470 = EDGE_CURVE ( 'NONE', #1762, #2258, #401, .T. ) ;
#471 = ORIENTED_EDGE ( 'NONE', *, *, #1693, .F. ) ;
#472 = EDGE_CURVE ( 'NONE', #862, #855, #1040, .T. ) ;
#473 = VERTEX_POINT ( 'NONE', #1436 ) ;
#474 = CARTESIAN_POINT ( 'NONE',  ( -0.6062564592894041926, 2.011363967672408659, -10.88168641572991469 ) ) ;
#475 = DIRECTION ( 'NONE',  ( -1.000000000000000000, 5.568642467174397313E-31, -3.343858152016816980E-15 ) ) ;
#476 = ORIENTED_EDGE ( 'NONE', *, *, #641, .F. ) ;
#477 = CARTESIAN_POINT ( 'NONE',  ( 2.057857522118901716, -0.4285843784080460850, 4.285446898465245624 ) ) ;
#478 = ORIENTED_EDGE ( 'NONE', *, *, #1233, .F. ) ;
#479 = LINE ( 'NONE', #1415, #785 ) ;
#480 = CARTESIAN_POINT ( 'NONE',  ( 0.000000000000000000, 1.057487430955461841E-15, -5.460999999999999410 ) ) ;
#481 = CARTESIAN_POINT ( 'NONE',  ( -0.7499999999999994449, 2.899999999999999911, -5.460999999999999410 ) ) ;
#482 = CARTESIAN_POINT ( 'NONE',  ( 1.952124248775017668, -0.7740871510008234813, -0.8890000000000009006 ) ) ;
#483 =( BOUNDED_CURVE ( )  B_SPLINE_CURVE ( 3, ( #1408, #2352, #2402, #1208 ),
 .UNSPECIFIED., .F., .F. ) 
 B_SPLINE_CURVE_WITH_KNOTS ( ( 4, 4 ),
 ( 4.334872545185191939, 4.472917508490044547 ),
 .UNSPECIFIED. ) 
 CURVE ( )  GEOMETRIC_REPRESENTATION_ITEM ( )  RATIONAL_B_SPLINE_CURVE ( ( 1.000000000000000000, 0.9984125960386560639, 0.9984125960386560639, 1.000000000000000000 ) ) 
 REPRESENTATION_ITEM ( '' )  );
#484 = VERTEX_POINT ( 'NONE', #228 ) ;
#485 = EDGE_CURVE ( 'NONE', #2623, #1435, #967, .T. ) ;
#486 = AXIS2_PLACEMENT_3D ( 'NONE', #2513, #2042, #1334 ) ;
#487 = ORIENTED_EDGE ( 'NONE', *, *, #320, .F. ) ;
#488 = ADVANCED_FACE ( 'NONE', ( #1154 ), #1845, .T. ) ;
#489 = CARTESIAN_POINT ( 'NONE',  ( -0.6593895131183289404, 1.993791731849034576, -11.48899999999999899 ) ) ;
#490 = AXIS2_PLACEMENT_3D ( 'NONE', #134, #1491, #584 ) ;
#491 = CARTESIAN_POINT ( 'NONE',  ( -1.987772171367459872, 0.6841887797112516933, -1.916543085772920429 ) ) ;
#492 = CARTESIAN_POINT ( 'NONE',  ( -0.3999999999999975797, -1.820969194338327046, 6.090132639966193473 ) ) ;
#493 = EDGE_LOOP ( 'NONE', ( #1519, #2878, #522, #1146, #2406 ) ) ;
#494 = VECTOR ( 'NONE', #562, 1000.000000000000000 ) ;
#495 = DIRECTION ( 'NONE',  ( -0.000000000000000000, -0.000000000000000000, -1.000000000000000000 ) ) ;
#496 = LINE ( 'NONE', #1647, #203 ) ;
#497 = VECTOR ( 'NONE', #1307, 1000.000000000000000 ) ;
#498 = ORIENTED_EDGE ( 'NONE', *, *, #641, .T. ) ;
#499 = DIRECTION ( 'NONE',  ( 1.000000000000000000, 0.000000000000000000, 0.000000000000000000 ) ) ;
#500 = AXIS2_PLACEMENT_3D ( 'NONE', #2886, #2243, #1758 ) ;
#501 = CARTESIAN_POINT ( 'NONE',  ( -1.957169543971350567, 0.8518645728753659885, 0.000000000000000000 ) ) ;
#502 = DIRECTION ( 'NONE',  ( -1.000000000000000000, 0.000000000000000000, -0.000000000000000000 ) ) ;
#503 = VERTEX_POINT ( 'NONE', #481 ) ;
#504 = AXIS2_PLACEMENT_3D ( 'NONE', #2617, #947, #958 ) ;
#505 = CC_DESIGN_DATE_AND_TIME_ASSIGNMENT ( #1039, #117, ( #1921 ) ) ;
#506 = ORIENTED_EDGE ( 'NONE', *, *, #1253, .T. ) ;
#507 = LINE ( 'NONE', #1850, #1126 ) ;
#508 = DIRECTION ( 'NONE',  ( 0.000000000000000000, 0.000000000000000000, 1.000000000000000000 ) ) ;
#509 = EDGE_CURVE ( 'NONE', #2165, #2773, #2383, .T. ) ;
#510 = EDGE_CURVE ( 'NONE', #797, #220, #2669, .T. ) ;
#511 = VERTEX_POINT ( 'NONE', #667 ) ;
#512 = CARTESIAN_POINT ( 'NONE',  ( 0.6593895131183358238, 1.993791731849034576, 5.139000000000004675 ) ) ;
#513 = CARTESIAN_POINT ( 'NONE',  ( 0.4980973490458784347, -2.040073290564214936, 3.295422128626185554 ) ) ;
#514 = VERTEX_POINT ( 'NONE', #2795 ) ;
#515 = DIRECTION ( 'NONE',  ( 0.000000000000000000, 1.665334536937735304E-16, -1.000000000000000000 ) ) ;
#516 = EDGE_CURVE ( 'NONE', #2041, #949, #387, .T. ) ;
#517 = CARTESIAN_POINT ( 'NONE',  ( 0.3999999999999976907, 2.197165962000673822, 5.495012552331537847 ) ) ;
#518 = CARTESIAN_POINT ( 'NONE',  ( 1.687771656166116019, 1.743675613724399609, -0.8890000000000009006 ) ) ;
#519 = ORIENTED_EDGE ( 'NONE', *, *, #3024, .F. ) ;
#520 = VERTEX_POINT ( 'NONE', #1185 ) ;
#521 = DIRECTION ( 'NONE',  ( -1.000000000000000000, 0.000000000000000000, 0.000000000000000000 ) ) ;
#522 = ORIENTED_EDGE ( 'NONE', *, *, #1547, .T. ) ;
#523 = CARTESIAN_POINT ( 'NONE',  ( -2.057904902905754785, 0.4283089781248645700, -4.285724408513599926 ) ) ;
#524 = CARTESIAN_POINT ( 'NONE',  ( -0.7500000000000002220, 2.899999999999999911, -12.53545247797180728 ) ) ;
#525 = EDGE_CURVE ( 'NONE', #1000, #1002, #1792, .T. ) ;
#526 = EDGE_LOOP ( 'NONE', ( #759, #122, #1514, #2494 ) ) ;
#527 = CARTESIAN_POINT ( 'NONE',  ( -0.3999999999999975797, 2.129368205736812403, 5.466985055468134291 ) ) ;
#528 = DIRECTION ( 'NONE',  ( 0.000000000000000000, 0.000000000000000000, -1.000000000000000000 ) ) ;
#529 = EDGE_CURVE ( 'NONE', #2146, #780, #1530, .T. ) ;
#530 = CARTESIAN_POINT ( 'NONE',  ( -0.3999999999999975797, -2.264950330581230631, 5.523072258617645502 ) ) ;
#531 = ORIENTED_EDGE ( 'NONE', *, *, #1594, .T. ) ;
#532 = VERTEX_POINT ( 'NONE', #2549 ) ;
#533 = CARTESIAN_POINT ( 'NONE',  ( -0.3999999999999975797, 2.182283254615319468, 5.773529692572014760 ) ) ;
#534 = DATE_TIME_ROLE ( 'creation_date' ) ;
#535 = EDGE_LOOP ( 'NONE', ( #2138, #2082, #2284, #1736, #2788, #2679, #1896 ) ) ;
#536 = VECTOR ( 'NONE', #2345, 1000.000000000000000 ) ;
#537 = DIRECTION ( 'NONE',  ( 0.000000000000000000, 1.000000000000000000, 0.000000000000000000 ) ) ;
#538 = CARTESIAN_POINT ( 'NONE',  ( 1.957169543971350567, -0.8518645728753659885, 0.000000000000000000 ) ) ;
#539 = EDGE_LOOP ( 'NONE', ( #1391, #731, #448, #2436 ) ) ;
#540 = AXIS2_PLACEMENT_3D ( 'NONE', #1581, #2073, #888 ) ;
#541 = DIRECTION ( 'NONE',  ( -1.000000000000000000, 0.000000000000000000, 0.000000000000000000 ) ) ;
#542 = APPROVAL ( #1251, 'UNSPECIFIED' ) ;
#543 = CIRCLE ( 'NONE', #1569, 1.554966049364602254 ) ;
#544 = AXIS2_PLACEMENT_3D ( 'NONE', #2616, #2630, #90 ) ;
#545 = CARTESIAN_POINT ( 'NONE',  ( 0.4980973490458714958, 2.040073290564207831, -9.645422128626172764 ) ) ;
#546 = DIRECTION ( 'NONE',  ( 0.000000000000000000, 0.000000000000000000, -1.000000000000000000 ) ) ;
#547 = VECTOR ( 'NONE', #1092, 1000.000000000000000 ) ;
#548 = ADVANCED_FACE ( 'NONE', ( #2583 ), #912, .T. ) ;
#549 = EDGE_LOOP ( 'NONE', ( #2887, #1536, #235, #2206, #580 ) ) ;
#550 = DIRECTION ( 'NONE',  ( 0.000000000000000000, 1.665334536937735304E-16, -1.000000000000000000 ) ) ;
#551 = ADVANCED_FACE ( 'NONE', ( #2629 ), #102, .T. ) ;
#552 = ORIENTED_EDGE ( 'NONE', *, *, #994, .F. ) ;
#553 =( GEOMETRIC_REPRESENTATION_CONTEXT ( 3 ) GLOBAL_UNCERTAINTY_ASSIGNED_CONTEXT ( ( #1112 ) ) GLOBAL_UNIT_ASSIGNED_CONTEXT ( ( #2167, #950, #1442 ) ) REPRESENTATION_CONTEXT ( 'NONE', 'WORKASPACE' ) );
#554 = DIRECTION ( 'NONE',  ( 1.000000000000000000, 0.000000000000000000, 0.000000000000000000 ) ) ;
#555 = AXIS2_PLACEMENT_3D ( 'NONE', #2986, #879, #1354 ) ;
#556 = ORIENTED_EDGE ( 'NONE', *, *, #341, .F. ) ;
#557 = DIRECTION ( 'NONE',  ( -0.000000000000000000, 1.000000000000000000, -0.000000000000000000 ) ) ;
#558 = CARTESIAN_POINT ( 'NONE',  ( -0.4241611831257787735, 0.6374886610082101113, 2.450327885093740221 ) ) ;
#559 = ORIENTED_EDGE ( 'NONE', *, *, #826, .F. ) ;
#560 = DIRECTION ( 'NONE',  ( 0.000000000000000000, 0.000000000000000000, 1.000000000000000000 ) ) ;
#561 = LINE ( 'NONE', #2943, #983 ) ;
#562 = DIRECTION ( 'NONE',  ( 1.000000000000000000, 0.000000000000000000, 0.000000000000000000 ) ) ;
#563 = FACE_OUTER_BOUND ( 'NONE', #1127, .T. ) ;
#564 = VERTEX_POINT ( 'NONE', #2423 ) ;
#565 = CARTESIAN_POINT ( 'NONE',  ( -0.6593895131183358238, -3.174999999999997158, 5.139000000000004675 ) ) ;
#566 = ORIENTED_EDGE ( 'NONE', *, *, #1600, .T. ) ;
#567 = CARTESIAN_POINT ( 'NONE',  ( -1.987872689444968533, 0.7576226522483365811, 0.8890000000000009006 ) ) ;
#568 = EDGE_CURVE ( 'NONE', #2966, #336, #2369, .T. ) ;
#569 = EDGE_LOOP ( 'NONE', ( #1944, #1884, #841, #442, #1052, #1213, #2941, #2443 ) ) ;
#570 = CARTESIAN_POINT ( 'NONE',  ( 0.7500000000000005551, 1.000000000000000000, -5.254999999999999893 ) ) ;
#571 = DIRECTION ( 'NONE',  ( 0.000000000000000000, 1.000000000000000000, 0.000000000000000000 ) ) ;
#572 = ORIENTED_EDGE ( 'NONE', *, *, #1882, .T. ) ;
#573 = CARTESIAN_POINT ( 'NONE',  ( -1.959412432082485944, 0.8453832043415124842, -0.07408238133550941462 ) ) ;
#574 = B_SPLINE_CURVE_WITH_KNOTS ( 'NONE', 3,
 ( #1379, #2325, #2743, #2282 ),
 .UNSPECIFIED., .F., .F.,
 ( 4, 4 ),
 ( 0.007647354141962956452, 0.007869202712918549336 ),
 .UNSPECIFIED. ) ;
#575 = CARTESIAN_POINT ( 'NONE',  ( -0.5635524950881043438, 0.4980973490458784347, 4.043577871373827293 ) ) ;
#576 = CARTESIAN_POINT ( 'NONE',  ( 0.7500000000000004441, -3.176000000000000600, -5.460999999999999410 ) ) ;
#577 = CARTESIAN_POINT ( 'NONE',  ( 1.952124248775016779, 0.7740871510008278111, -0.8890000000000009006 ) ) ;
#578 = ORIENTED_EDGE ( 'NONE', *, *, #1769, .T. ) ;
#579 = DIRECTION ( 'NONE',  ( 1.000000000000000000, 0.000000000000000000, 0.000000000000000000 ) ) ;
#580 = ORIENTED_EDGE ( 'NONE', *, *, #84, .F. ) ;
#581 = FACE_OUTER_BOUND ( 'NONE', #2276, .T. ) ;
#582 = ORIENTED_EDGE ( 'NONE', *, *, #605, .T. ) ;
#583 = ADVANCED_FACE ( 'NONE', ( #1935 ), #340, .T. ) ;
#584 = DIRECTION ( 'NONE',  ( 1.000000000000000000, 0.000000000000000000, 3.304235192336775117E-15 ) ) ;
#585 = CARTESIAN_POINT ( 'NONE',  ( -0.4980973490458784347, 0.5635524950881043438, 3.295422128626185554 ) ) ;
#586 = ORIENTED_EDGE ( 'NONE', *, *, #1928, .T. ) ;
#587 = CARTESIAN_POINT ( 'NONE',  ( -0.4000000000000011324, -2.197165961088449748, -11.84501255195391956 ) ) ;
#588 = VECTOR ( 'NONE', #2582, 1000.000000000000000 ) ;
#589 = EDGE_CURVE ( 'NONE', #1804, #514, #2270, .T. ) ;
#590 = CARTESIAN_POINT ( 'NONE',  ( 0.000000000000000000, 0.000000000000000000, 5.139000000000004675 ) ) ;
#591 = CARTESIAN_POINT ( 'NONE',  ( -1.292526595471056527, -2.899999999999999911, -7.239000000000000767 ) ) ;
#592 = VECTOR ( 'NONE', #2017, 1000.000000000000000 ) ;
#593 = DIRECTION ( 'NONE',  ( 1.000000000000000000, 0.000000000000000000, 0.000000000000000000 ) ) ;
#594 = ORIENTED_EDGE ( 'NONE', *, *, #1971, .T. ) ;
#595 = VECTOR ( 'NONE', #2181, 1000.000000000000000 ) ;
#596 = CARTESIAN_POINT ( 'NONE',  ( 0.7500000000000004441, 3.176000000000002377, -5.460999999999999410 ) ) ;
#597 = VERTEX_POINT ( 'NONE', #1705 ) ;
#598 = AXIS2_PLACEMENT_3D ( 'NONE', #1110, #2989, #2504 ) ;
#599 = CARTESIAN_POINT ( 'NONE',  ( -1.987872689444968533, 0.7576226522483365811, -0.8890000000000009006 ) ) ;
#600 = ORIENTED_EDGE ( 'NONE', *, *, #795, .T. ) ;
#601 = AXIS2_PLACEMENT_3D ( 'NONE', #1699, #508, #992 ) ;
#602 = CARTESIAN_POINT ( 'NONE',  ( 1.982800871145368404, -0.7740871510008288103, 0.8890000000000009006 ) ) ;
#603 = ADVANCED_FACE ( 'NONE', ( #2868 ), #163, .T. ) ;
#604 = VERTEX_POINT ( 'NONE', #2187 ) ;
#605 = EDGE_CURVE ( 'NONE', #1774, #736, #2201, .T. ) ;
#606 = CARTESIAN_POINT ( 'NONE',  ( -0.7500000000000001110, -1.961504524593303378, -11.78900000000000148 ) ) ;
#607 = CARTESIAN_POINT ( 'NONE',  ( 3.176025000000002763, 0.001382289036469530608, 0.000000000000000000 ) ) ;
#608 = CARTESIAN_POINT ( 'NONE',  ( -0.5635524950881043438, -0.4980973490458784347, 4.043577871373827293 ) ) ;
#609 = EDGE_CURVE ( 'NONE', #398, #2664, #1026, .T. ) ;
#610 = B_SPLINE_CURVE_WITH_KNOTS ( 'NONE', 3,
 ( #1635, #2584, #468, #41 ),
 .UNSPECIFIED., .F., .F.,
 ( 4, 4 ),
 ( 0.002832913685900422234, 0.002935786532568637319 ),
 .UNSPECIFIED. ) ;
#611 = CARTESIAN_POINT ( 'NONE',  ( 0.3999999999999975797, 2.061552812808828516, 5.139000000000004675 ) ) ;
#612 = ORIENTED_EDGE ( 'NONE', *, *, #2695, .T. ) ;
#613 = CARTESIAN_POINT ( 'NONE',  ( 0.000000000000000000, 0.000000000000000000, -11.73899999999999899 ) ) ;
#614 = ORIENTED_EDGE ( 'NONE', *, *, #2562, .F. ) ;
#615 = FACE_OUTER_BOUND ( 'NONE', #2255, .T. ) ;
#616 = ORIENTED_EDGE ( 'NONE', *, *, #2859, .F. ) ;
#617 = CARTESIAN_POINT ( 'NONE',  ( 1.952124248775013893, 0.7740871510008295875, 0.8890000000000009006 ) ) ;
#618 = FACE_OUTER_BOUND ( 'NONE', #339, .T. ) ;
#619 = ORIENTED_EDGE ( 'NONE', *, *, #2783, .F. ) ;
#620 = DIRECTION ( 'NONE',  ( 0.000000000000000000, 0.000000000000000000, 1.000000000000000000 ) ) ;
#621 = EDGE_CURVE ( 'NONE', #886, #2411, #437, .T. ) ;
#622 = DIRECTION ( 'NONE',  ( 0.000000000000000000, 0.000000000000000000, 1.000000000000000000 ) ) ;
#623 = CARTESIAN_POINT ( 'NONE',  ( 0.7500000000000045519, 1.961504524593302490, -5.460999999999999410 ) ) ;
#624 = DIRECTION ( 'NONE',  ( -1.000000000000000000, 0.000000000000000000, 0.000000000000000000 ) ) ;
#625 = ADVANCED_FACE ( 'NONE', ( #2895 ), #1461, .T. ) ;
#626 = B_SPLINE_CURVE_WITH_KNOTS ( 'NONE', 3,
 ( #168, #2929, #1768, #2021, #375, #2236, #183, #2971, #418, #1554 ),
 .UNSPECIFIED., .F., .F.,
 ( 4, 2, 2, 2, 4 ),
 ( 0.000000000000000000, 0.0003704147845104442996, 0.0007408295690208885993, 0.001111244353531332628, 0.001481659138041776765 ),
 .UNSPECIFIED. ) ;
#627 = DIRECTION ( 'NONE',  ( 0.000000000000000000, -1.000000000000000000, 0.000000000000000000 ) ) ;
#628 = ORIENTED_EDGE ( 'NONE', *, *, #660, .F. ) ;
#629 = ORIENTED_EDGE ( 'NONE', *, *, #1404, .F. ) ;
#630 = CARTESIAN_POINT ( 'NONE',  ( -0.4000000000000012434, 2.182266827280789911, -12.12357945836741102 ) ) ;
#631 = CARTESIAN_POINT ( 'NONE',  ( 2.100000000000000533, -0.1234788608634407592, -4.500000000000009770 ) ) ;
#632 = ORIENTED_EDGE ( 'NONE', *, *, #2505, .T. ) ;
#633 = CARTESIAN_POINT ( 'NONE',  ( 0.000000000000000000, 0.000000000000000000, -11.87307225861763804 ) ) ;
#634 = FACE_OUTER_BOUND ( 'NONE', #1232, .T. ) ;
#635 = FACE_OUTER_BOUND ( 'NONE', #1563, .T. ) ;
#636 = VECTOR ( 'NONE', #1212, 1000.000000000000000 ) ;
#637 = CARTESIAN_POINT ( 'NONE',  ( 0.6593895131183323821, -1.993791731849034576, -11.48899999999999899 ) ) ;
#638 = PERSON ( 'UNSPECIFIED', 'UNSPECIFIED', 'UNSPECIFIED', ('UNSPECIFIED'), ('UNSPECIFIED'), ('UNSPECIFIED') ) ;
#639 = VECTOR ( 'NONE', #2909, 1000.000000000000000 ) ;
#640 = CARTESIAN_POINT ( 'NONE',  ( 0.000000000000000000, 2.350000000000000533, 0.8890000000000009006 ) ) ;
#641 = EDGE_CURVE ( 'NONE', #1033, #336, #786, .T. ) ;
#642 = AXIS2_PLACEMENT_3D ( 'NONE', #1202, #2158, #2654 ) ;
#643 = ORIENTED_EDGE ( 'NONE', *, *, #2545, .T. ) ;
#644 = CIRCLE ( 'NONE', #1806, 2.268258436585967708 ) ;
#645 = EDGE_CURVE ( 'NONE', #1607, #1796, #2084, .T. ) ;
#646 = AXIS2_PLACEMENT_3D ( 'NONE', #2538, #1356, #2739 ) ;
#647 = ORIENTED_EDGE ( 'NONE', *, *, #971, .F. ) ;
#648 = VECTOR ( 'NONE', #2442, 1000.000000000000000 ) ;
#649 = DIRECTION ( 'NONE',  ( -0.000000000000000000, -0.000000000000000000, -1.000000000000000000 ) ) ;
#650 = ORIENTED_EDGE ( 'NONE', *, *, #1575, .F. ) ;
#651 = LINE ( 'NONE', #1586, #1430 ) ;
#652 = CIRCLE ( 'NONE', #746, 2.100000000000000089 ) ;
#653 = DIRECTION ( 'NONE',  ( -1.000000000000000000, 0.000000000000000000, 0.000000000000000000 ) ) ;
#654 = PLANE ( 'NONE',  #2260 ) ;
#655 = CIRCLE ( 'NONE', #2377, 2.100000000000000089 ) ;
#656 = CARTESIAN_POINT ( 'NONE',  ( 0.4000000000000010214, 2.232710535457612888, -11.97076274578120803 ) ) ;
#657 = ORIENTED_EDGE ( 'NONE', *, *, #2621, .F. ) ;
#658 = ADVANCED_FACE ( 'NONE', ( #1257 ), #1509, .F. ) ;
#659 = ORIENTED_EDGE ( 'NONE', *, *, #1054, .T. ) ;
#660 = EDGE_CURVE ( 'NONE', #2894, #2768, #1499, .T. ) ;
#661 = CARTESIAN_POINT ( 'NONE',  ( -0.4000000000000010214, 1.502637486114517751, -12.48900000000000077 ) ) ;
#662 = FACE_OUTER_BOUND ( 'NONE', #1986, .T. ) ;
#663 = ORIENTED_EDGE ( 'NONE', *, *, #1895, .T. ) ;
#664 = CARTESIAN_POINT ( 'NONE',  ( 1.958295588161914180, -0.8486177109635264504, -7.807123344564344001E-17 ) ) ;
#665 = DIRECTION ( 'NONE',  ( 1.000000000000000000, 0.000000000000000000, 0.000000000000000000 ) ) ;
#666 = CARTESIAN_POINT ( 'NONE',  ( -0.7499999999999996669, -3.176000000000000600, -7.445000000000000284 ) ) ;
#667 = CARTESIAN_POINT ( 'NONE',  ( -0.7499999999999994449, -1.961504524593302490, -5.254999999999999005 ) ) ;
#668 = DIRECTION ( 'NONE',  ( -0.000000000000000000, 1.000000000000000000, -0.000000000000000000 ) ) ;
#669 = CARTESIAN_POINT ( 'NONE',  ( 0.6593895131183323821, -3.174999999999999822, -11.48899999999999899 ) ) ;
#670 = ORIENTED_EDGE ( 'NONE', *, *, #1343, .F. ) ;
#671 = ORIENTED_EDGE ( 'NONE', *, *, #68, .T. ) ;
#672 = CARTESIAN_POINT ( 'NONE',  ( 0.3999999999999976907, 2.243459280444428217, 5.588199955838125454 ) ) ;
#673 = CARTESIAN_POINT ( 'NONE',  ( -2.040073290564214936, -0.4980973490458784347, 4.043577871373827293 ) ) ;
#674 = ORIENTED_EDGE ( 'NONE', *, *, #2299, .T. ) ;
#675 = CARTESIAN_POINT ( 'NONE',  ( 1.222045456658754192, -3.336598682543889804, 0.8890000000000009006 ) ) ;
#676 = EDGE_CURVE ( 'NONE', #2165, #1549, #1324, .T. ) ;
#677 = VERTEX_POINT ( 'NONE', #2396 ) ;
#678 = CARTESIAN_POINT ( 'NONE',  ( 0.7499999999999985567, 1.961504524593303822, -11.78900000000000148 ) ) ;
#679 = DIRECTION ( 'NONE',  ( -1.000000000000000000, 0.000000000000000000, 9.901389703063967462E-17 ) ) ;
#680 = CARTESIAN_POINT ( 'NONE',  ( 2.017135129506590907, -0.5920459111049616308, 2.969740893269241955 ) ) ;
#681 = EDGE_CURVE ( 'NONE', #336, #463, #1923, .T. ) ;
#682 = CARTESIAN_POINT ( 'NONE',  ( -0.4980973490458714958, 2.040073290564207831, -9.645422128626172764 ) ) ;
#683 = PLANE ( 'NONE',  #357 ) ;
#684 = ORIENTED_EDGE ( 'NONE', *, *, #2874, .F. ) ;
#685 = VECTOR ( 'NONE', #1511, 1000.000000000000000 ) ;
#686 = VECTOR ( 'NONE', #1147, 1000.000000000000000 ) ;
#687 = VERTEX_POINT ( 'NONE', #2001 ) ;
#688 = CIRCLE ( 'NONE', #2414, 2.100000000000000089 ) ;
#689 = LINE ( 'NONE', #2575, #2661 ) ;
#690 = EDGE_LOOP ( 'NONE', ( #1061, #939, #2291, #1014, #2687 ) ) ;
#691 = CARTESIAN_POINT ( 'NONE',  ( 2.268258436585967708, 8.134367110188352742E-18, -11.97076274578120803 ) ) ;
#692 = ORIENTED_EDGE ( 'NONE', *, *, #472, .T. ) ;
#693 = VECTOR ( 'NONE', #2720, 1000.000000000000000 ) ;
#694 = B_SPLINE_CURVE_WITH_KNOTS ( 'NONE', 3,
 ( #1046, #2746, #833, #1062, #875, #1076 ),
 .UNSPECIFIED., .F., .F.,
 ( 4, 2, 4 ),
 ( 0.000000000000000000, 0.0003704957869547444616, 0.0007409915739094889231 ),
 .UNSPECIFIED. ) ;
#695 = CARTESIAN_POINT ( 'NONE',  ( 0.4000000000000010214, 0.000000000000000000, -12.48900000000000077 ) ) ;
#696 = ADVANCED_FACE ( 'NONE', ( #2285 ), #1304, .T. ) ;
#697 = CARTESIAN_POINT ( 'NONE',  ( 2.042738247543244512, 0.4871823992597895669, 4.168336318310855049 ) ) ;
#698 = FACE_OUTER_BOUND ( 'NONE', #2775, .T. ) ;
#699 = EDGE_CURVE ( 'NONE', #2141, #2, #2576, .T. ) ;
#700 = CONICAL_SURFACE ( 'NONE', #1335, 2.100000000000000089, 1.172861257340199304 ) ;
#701 = FACE_OUTER_BOUND ( 'NONE', #915, .T. ) ;
#702 = ORIENTED_EDGE ( 'NONE', *, *, #1612, .F. ) ;
#703 = ORIENTED_EDGE ( 'NONE', *, *, #2638, .F. ) ;
#704 =( BOUNDED_CURVE ( )  B_SPLINE_CURVE ( 3, ( #2532, #2997, #222, #2787 ),
 .UNSPECIFIED., .F., .F. ) 
 B_SPLINE_CURVE_WITH_KNOTS ( ( 4, 4 ),
 ( 1.940258468363105449, 1.941740514782196669 ),
 .UNSPECIFIED. ) 
 CURVE ( )  GEOMETRIC_REPRESENTATION_ITEM ( )  RATIONAL_B_SPLINE_CURVE ( ( 1.000000000000000000, 0.9999998169615427202, 0.9999998169615427202, 1.000000000000000000 ) ) 
 REPRESENTATION_ITEM ( '' )  );
#705 = CARTESIAN_POINT ( 'NONE',  ( -3.175999999999998380, 0.7740871510008295875, 0.8890000000000009006 ) ) ;
#706 = PERSON_AND_ORGANIZATION ( #638, #3005 ) ;
#707 = EDGE_LOOP ( 'NONE', ( #2308, #294, #2587, #431, #2560, #2933, #931, #612 ) ) ;
#708 = CARTESIAN_POINT ( 'NONE',  ( -2.100000000000000089, -9.671939568988946182E-22, 4.500000000000003553 ) ) ;
#709 = DIRECTION ( 'NONE',  ( 0.000000000000000000, -1.665334536937735304E-16, 1.000000000000000000 ) ) ;
#710 = PLANE ( 'NONE',  #1761 ) ;
#711 = DIRECTION ( 'NONE',  ( -3.343858152016816980E-15, 0.000000000000000000, 1.000000000000000000 ) ) ;
#712 = EDGE_CURVE ( 'NONE', #2609, #2370, #651, .T. ) ;
#713 = CARTESIAN_POINT ( 'NONE',  ( -0.3999999999999975797, -3.174999999999997158, 6.139000000000005564 ) ) ;
#714 = CARTESIAN_POINT ( 'NONE',  ( 1.982800871145370181, -0.7740871510008234813, -0.8890000000000009006 ) ) ;
#715 = EDGE_CURVE ( 'NONE', #2058, #2543, #694, .T. ) ;
#716 = ORIENTED_EDGE ( 'NONE', *, *, #101, .T. ) ;
#717 = VERTEX_POINT ( 'NONE', #2534 ) ;
#718 = CARTESIAN_POINT ( 'NONE',  ( 0.4000000000000010214, -2.264950330581225746, -11.87307225861763804 ) ) ;
#719 = APPROVAL_ROLE ( '' ) ;
#720 = CARTESIAN_POINT ( 'NONE',  ( -2.042738247543244512, -0.4871823992597895669, 4.168336318310855049 ) ) ;
#721 = ORIENTED_EDGE ( 'NONE', *, *, #246, .T. ) ;
#722 = DIRECTION ( 'NONE',  ( 0.000000000000000000, -1.665334536937735304E-16, 1.000000000000000000 ) ) ;
#723 = CARTESIAN_POINT ( 'NONE',  ( -0.7500000000000004441, 1.961504524593303378, -7.238999999999999879 ) ) ;
#724 = DIRECTION ( 'NONE',  ( -1.000000000000000000, 0.000000000000000000, 0.000000000000000000 ) ) ;
#725 = CARTESIAN_POINT ( 'NONE',  ( -0.7499999999999994449, -1.000000000000000000, -5.254999999999999893 ) ) ;
#726 = CARTESIAN_POINT ( 'NONE',  ( 1.687771656166116019, 1.743675613724399609, 0.8890000000000009006 ) ) ;
#727 = EDGE_LOOP ( 'NONE', ( #2526, #903, #1793, #2908, #828, #1349, #519, #2998, #600, #1836, #417, #1008 ) ) ;
#728 = ADVANCED_FACE ( 'NONE', ( #1350 ), #2732, .T. ) ;
#729 = EDGE_CURVE ( 'NONE', #1478, #2387, #626, .T. ) ;
#730 = AXIS2_PLACEMENT_3D ( 'NONE', #2940, #2435, #120 ) ;
#731 = ORIENTED_EDGE ( 'NONE', *, *, #1486, .F. ) ;
#732 = CARTESIAN_POINT ( 'NONE',  ( -0.5524637716922229380, 2.026799369905324610, -10.26683318298800707 ) ) ;
#733 = AXIS2_PLACEMENT_3D ( 'NONE', #2593, #1211, #1674 ) ;
#734 = APPROVAL_DATE_TIME ( #1655, #2730 ) ;
#735 = EDGE_CURVE ( 'NONE', #2609, #2041, #2619, .T. ) ;
#736 = VERTEX_POINT ( 'NONE', #150 ) ;
#737 = AXIS2_PLACEMENT_3D ( 'NONE', #334, #1745, #2693 ) ;
#738 = LINE ( 'NONE', #953, #2508 ) ;
#739 = PLANE ( 'NONE',  #1906 ) ;
#740 = ORIENTED_EDGE ( 'NONE', *, *, #98, .T. ) ;
#741 = DIRECTION ( 'NONE',  ( 0.000000000000000000, 0.000000000000000000, -1.000000000000000000 ) ) ;
#742 = CIRCLE ( 'NONE', #3002, 2.299999999999999822 ) ;
#743 = CARTESIAN_POINT ( 'NONE',  ( -0.3999999999999975797, 2.264950330581230631, 5.523072258617645502 ) ) ;
#744 = DIRECTION ( 'NONE',  ( 0.000000000000000000, 0.000000000000000000, -1.000000000000000000 ) ) ;
#745 = ORIENTED_EDGE ( 'NONE', *, *, #1291, .T. ) ;
#746 = AXIS2_PLACEMENT_3D ( 'NONE', #76, #1482, #288 ) ;
#747 = ORIENTED_EDGE ( 'NONE', *, *, #1561, .T. ) ;
#748 = DIRECTION ( 'NONE',  ( -0.08682659386424435022, 0.08682659386424773640, 0.9924325091389674114 ) ) ;
#749 = APPLICATION_PROTOCOL_DEFINITION ( 'international standard', 'config_control_design', 1994, #2327 ) ;
#750 = CARTESIAN_POINT ( 'NONE',  ( 0.000000000000000000, 0.000000000000000000, 5.438999999999999169 ) ) ;
#751 = ORIENTED_EDGE ( 'NONE', *, *, #305, .T. ) ;
#752 = EDGE_CURVE ( 'NONE', #2491, #146, #1987, .T. ) ;
#753 = DIRECTION ( 'NONE',  ( -1.000000000000000000, 0.000000000000000000, 0.000000000000000000 ) ) ;
#754 = DIRECTION ( 'NONE',  ( 1.000000000000000000, 0.000000000000000000, 0.000000000000000000 ) ) ;
#755 = ORIENTED_EDGE ( 'NONE', *, *, #880, .T. ) ;
#756 = DIRECTION ( 'NONE',  ( -1.000000000000000000, 0.000000000000000000, 0.000000000000000000 ) ) ;
#757 = FACE_OUTER_BOUND ( 'NONE', #526, .T. ) ;
#758 = CARTESIAN_POINT ( 'NONE',  ( 1.987772171367460761, 0.6841887797112478076, 1.916543085772903554 ) ) ;
#759 = ORIENTED_EDGE ( 'NONE', *, *, #1638, .F. ) ;
#760 = ORIENTED_EDGE ( 'NONE', *, *, #2034, .F. ) ;
#761 = CARTESIAN_POINT ( 'NONE',  ( 0.6593895131183323821, -3.174999999999999822, -11.48899999999999899 ) ) ;
#762 = COORDINATED_UNIVERSAL_TIME_OFFSET ( 6, 0, .BEHIND. ) ;
#763 = DIRECTION ( 'NONE',  ( 1.000000000000000000, -1.776356839400250465E-15, 0.000000000000000000 ) ) ;
#764 = CC_DESIGN_PERSON_AND_ORGANIZATION_ASSIGNMENT ( #706, #1409, ( #1591 ) ) ;
#765 = EDGE_LOOP ( 'NONE', ( #1639, #663, #96, #2979, #3016, #2845, #566 ) ) ;
#766 = CARTESIAN_POINT ( 'NONE',  ( -2.040073290564206943, 0.4980973490458777686, -4.043577871373832622 ) ) ;
#767 = DIRECTION ( 'NONE',  ( 1.000000000000000000, 0.000000000000000000, 3.343858152016816980E-15 ) ) ;
#768 = VERTEX_POINT ( 'NONE', #2958 ) ;
#769 = EDGE_CURVE ( 'NONE', #1178, #154, #1860, .T. ) ;
#770 = DIRECTION ( 'NONE',  ( -1.000000000000000000, 0.000000000000000000, 0.000000000000000000 ) ) ;
#771 = CARTESIAN_POINT ( 'NONE',  ( 0.000000000000000000, 1.057487430955461841E-15, -0.8890000000000009006 ) ) ;
#772 = EDGE_CURVE ( 'NONE', #1172, #211, #2470, .T. ) ;
#773 = CARTESIAN_POINT ( 'NONE',  ( 0.7500000000000005551, 1.000000000000000000, -5.254999999999999893 ) ) ;
#774 = ORIENTED_EDGE ( 'NONE', *, *, #851, .T. ) ;
#775 = FACE_OUTER_BOUND ( 'NONE', #306, .T. ) ;
#776 = ORIENTED_EDGE ( 'NONE', *, *, #184, .T. ) ;
#777 = CYLINDRICAL_SURFACE ( 'NONE', #1572, 2.100000000000000089 ) ;
#778 = PERSON_AND_ORGANIZATION_ROLE ( 'classification_officer' ) ;
#779 = VECTOR ( 'NONE', #2109, 1000.000000000000000 ) ;
#780 = VERTEX_POINT ( 'NONE', #1337 ) ;
#781 = VECTOR ( 'NONE', #995, 1000.000000000000000 ) ;
#782 = DIRECTION ( 'NONE',  ( -0.000000000000000000, -0.000000000000000000, -1.000000000000000000 ) ) ;
#783 = CARTESIAN_POINT ( 'NONE',  ( 1.957920956813671509, -0.8497003094221761144, 0.000000000000000000 ) ) ;
#784 = ORIENTED_EDGE ( 'NONE', *, *, #1783, .F. ) ;
#785 = VECTOR ( 'NONE', #1433, 1000.000000000000000 ) ;
#786 = LINE ( 'NONE', #2437, #2218 ) ;
#787 = ADVANCED_FACE ( 'NONE', ( #1540 ), #1753, .F. ) ;
#788 = DIRECTION ( 'NONE',  ( 0.000000000000000000, 0.000000000000000000, -1.000000000000000000 ) ) ;
#789 = AXIS2_PLACEMENT_3D ( 'NONE', #2238, #2735, #1755 ) ;
#790 = CARTESIAN_POINT ( 'NONE',  ( -3.079190491453137390, 0.000000000000000000, 4.000000000000003553 ) ) ;
#791 = VECTOR ( 'NONE', #1275, 1000.000000000000000 ) ;
#792 = DIRECTION ( 'NONE',  ( 0.000000000000000000, 0.000000000000000000, 1.000000000000000000 ) ) ;
#793 = CIRCLE ( 'NONE', #984, 2.100000000000000089 ) ;
#794 = ORIENTED_EDGE ( 'NONE', *, *, #1518, .T. ) ;
#795 = EDGE_CURVE ( 'NONE', #2177, #949, #388, .T. ) ;
#796 = CARTESIAN_POINT ( 'NONE',  ( -1.292526595471058526, 2.899999999999999023, -7.238999999999998991 ) ) ;
#797 = VERTEX_POINT ( 'NONE', #2267 ) ;
#798 = LOCAL_TIME ( 13, 52, 31.00000000000000000, #1733 ) ;
#799 = DIRECTION ( 'NONE',  ( -1.000000000000000000, 0.000000000000000000, 0.000000000000000000 ) ) ;
#800 = CONICAL_SURFACE ( 'NONE', #555, 2.100000000000000089, 1.172861257340199304 ) ;
#801 = ORIENTED_EDGE ( 'NONE', *, *, #1425, .T. ) ;
#802 = CARTESIAN_POINT ( 'NONE',  ( -2.040073290564206943, 0.4980973490458777686, -4.043577871373832622 ) ) ;
#803 = CARTESIAN_POINT ( 'NONE',  ( 0.000000000000000000, 0.000000000000000000, -6.349999999999999645 ) ) ;
#804 = ORIENTED_EDGE ( 'NONE', *, *, #1425, .F. ) ;
#805 = DIRECTION ( 'NONE',  ( 0.000000000000000000, 1.665334536937735304E-16, -1.000000000000000000 ) ) ;
#806 = CARTESIAN_POINT ( 'NONE',  ( 0.7499999999999998890, -3.176000000000000600, -7.445000000000000284 ) ) ;
#807 = DIRECTION ( 'NONE',  ( 0.000000000000000000, 1.665334536937735304E-16, -1.000000000000000000 ) ) ;
#808 = CARTESIAN_POINT ( 'NONE',  ( -0.4000000000000010214, -2.232710535457612888, -11.97076274578120625 ) ) ;
#809 = ORIENTED_EDGE ( 'NONE', *, *, #1518, .F. ) ;
#810 = DIRECTION ( 'NONE',  ( -0.000000000000000000, -0.000000000000000000, -1.000000000000000000 ) ) ;
#811 = EDGE_CURVE ( 'NONE', #849, #768, #1279, .T. ) ;
#812 = ORIENTED_EDGE ( 'NONE', *, *, #960, .T. ) ;
#813 = CARTESIAN_POINT ( 'NONE',  ( -0.9308557843574903901, 2.350000000000001421, -0.8890000000000010116 ) ) ;
#814 = CALENDAR_DATE ( 2022, 6, 6 ) ;
#815 = VERTEX_POINT ( 'NONE', #251 ) ;
#816 = CARTESIAN_POINT ( 'NONE',  ( 0.4241611831257786625, 0.6374886610082101113, 2.450327885093740221 ) ) ;
#817 = EDGE_LOOP ( 'NONE', ( #1789, #2149, #657, #745, #2588, #322, #1834, #77 ) ) ;
#818 = CARTESIAN_POINT ( 'NONE',  ( -0.3999999999999975797, -2.254205848354697839, 5.555636450100680079 ) ) ;
#819 = CARTESIAN_POINT ( 'NONE',  ( -0.7500000000000001110, 1.961504524593303378, -11.78900000000000148 ) ) ;
#820 = CARTESIAN_POINT ( 'NONE',  ( 1.957169543971350567, -0.8518645728753659885, 0.000000000000000000 ) ) ;
#821 = CARTESIAN_POINT ( 'NONE',  ( 2.040073290564201169, 0.4980973490458784347, 4.043577871373827293 ) ) ;
#822 = ORIENTED_EDGE ( 'NONE', *, *, #1931, .T. ) ;
#823 = LINE ( 'NONE', #1015, #1818 ) ;
#824 = ORIENTED_EDGE ( 'NONE', *, *, #1547, .F. ) ;
#825 = EDGE_CURVE ( 'NONE', #2885, #2745, #224, .T. ) ;
#826 = EDGE_CURVE ( 'NONE', #1890, #1776, #1041, .T. ) ;
#827 = CARTESIAN_POINT ( 'NONE',  ( -3.079190491453137390, -0.8518645728753659885, 0.000000000000000000 ) ) ;
#828 = ORIENTED_EDGE ( 'NONE', *, *, #1575, .T. ) ;
#829 = EDGE_CURVE ( 'NONE', #2258, #223, #3004, .T. ) ;
#830 = CARTESIAN_POINT ( 'NONE',  ( 1.952124248775017668, -0.7740871510008234813, -0.8890000000000009006 ) ) ;
#831 = PLANE ( 'NONE',  #1618 ) ;
#832 = ORIENTED_EDGE ( 'NONE', *, *, #829, .F. ) ;
#833 = CARTESIAN_POINT ( 'NONE',  ( 2.057857522118901716, 0.4285843784080473617, -4.285446898465250953 ) ) ;
#834 = AXIS2_PLACEMENT_3D ( 'NONE', #373, #1255, #2910 ) ;
#835 = DIRECTION ( 'NONE',  ( 1.000000000000000000, 0.000000000000000000, -2.970416910919190115E-16 ) ) ;
#836 = DIRECTION ( 'NONE',  ( 0.000000000000000000, 1.665334536937735304E-16, -1.000000000000000000 ) ) ;
#837 = AXIS2_PLACEMENT_3D ( 'NONE', #1269, #782, #311 ) ;
#838 = DIRECTION ( 'NONE',  ( -0.000000000000000000, -0.000000000000000000, -1.000000000000000000 ) ) ;
#839 = ORIENTED_EDGE ( 'NONE', *, *, #98, .F. ) ;
#840 = CARTESIAN_POINT ( 'NONE',  ( 2.100000000000000089, 2.571767950153651913E-16, 4.500000000000003553 ) ) ;
#841 = ORIENTED_EDGE ( 'NONE', *, *, #1638, .T. ) ;
#842 = AXIS2_PLACEMENT_3D ( 'NONE', #633, #1797, #1568 ) ;
#843 = DIRECTION ( 'NONE',  ( -0.000000000000000000, -1.665334536937735304E-16, 1.000000000000000000 ) ) ;
#844 = EDGE_CURVE ( 'NONE', #604, #1178, #1057, .T. ) ;
#845 = VERTEX_POINT ( 'NONE', #2804 ) ;
#846 = LINE ( 'NONE', #570, #157 ) ;
#847 = CARTESIAN_POINT ( 'NONE',  ( -0.4000000000000010214, -2.232710535457612888, -11.97076274578120625 ) ) ;
#848 = AXIS2_PLACEMENT_3D ( 'NONE', #1013, #1990, #546 ) ;
#849 = VERTEX_POINT ( 'NONE', #1396 ) ;
#850 = CARTESIAN_POINT ( 'NONE',  ( 0.000000000000000000, 0.000000000000000000, 0.000000000000000000 ) ) ;
#851 = EDGE_CURVE ( 'NONE', #1466, #211, #1889, .T. ) ;
#852 = CARTESIAN_POINT ( 'NONE',  ( 0.4000000000000010214, 2.061552812808830293, -11.78900000000000148 ) ) ;
#853 = CYLINDRICAL_SURFACE ( 'NONE', #1813, 0.5000000000000004441 ) ;
#854 = CARTESIAN_POINT ( 'NONE',  ( -1.982800871145368404, -0.7740871510008288103, 0.8890000000000009006 ) ) ;
#855 = VERTEX_POINT ( 'NONE', #1828 ) ;
#856 = DIRECTION ( 'NONE',  ( -0.9961946980917458783, 0.000000000000000000, -0.08715574274765491847 ) ) ;
#857 = VERTEX_POINT ( 'NONE', #2125 ) ;
#858 = ORIENTED_EDGE ( 'NONE', *, *, #1543, .F. ) ;
#859 = LINE ( 'NONE', #2980, #160 ) ;
#860 = CARTESIAN_POINT ( 'NONE',  ( 0.000000000000000000, 0.000000000000000000, -11.48900000000000254 ) ) ;
#861 = CC_DESIGN_PERSON_AND_ORGANIZATION_ASSIGNMENT ( #2195, #778, ( #1921 ) ) ;
#862 = VERTEX_POINT ( 'NONE', #691 ) ;
#863 = CARTESIAN_POINT ( 'NONE',  ( -0.7499999999999994449, 1.000000000000000000, -5.254999999999999893 ) ) ;
#864 = CARTESIAN_POINT ( 'NONE',  ( -1.958295588161913736, -0.8486177109635268945, -7.807123344564344001E-17 ) ) ;
#865 = DIRECTION ( 'NONE',  ( -1.000000000000000000, 0.000000000000000000, 0.000000000000000000 ) ) ;
#866 = EDGE_CURVE ( 'NONE', #2303, #1134, #2013, .T. ) ;
#867 = CARTESIAN_POINT ( 'NONE',  ( 0.6062564592894046367, -2.011363967672410435, -10.88168641572991646 ) ) ;
#868 = EDGE_CURVE ( 'NONE', #2704, #1852, #2857, .T. ) ;
#869 = DIRECTION ( 'NONE',  ( 0.000000000000000000, 1.665334536937735304E-16, -1.000000000000000000 ) ) ;
#870 = ORIENTED_EDGE ( 'NONE', *, *, #472, .F. ) ;
#871 = ORIENTED_EDGE ( 'NONE', *, *, #253, .T. ) ;
#872 = LINE ( 'NONE', #2758, #686 ) ;
#873 = DIRECTION ( 'NONE',  ( -1.000000000000000000, 0.000000000000000000, 0.000000000000000000 ) ) ;
#874 = ORIENTED_EDGE ( 'NONE', *, *, #2432, .T. ) ;
#875 = CARTESIAN_POINT ( 'NONE',  ( 2.100000000000000089, 0.1235328774832269855, -4.500000000000007105 ) ) ;
#876 = CARTESIAN_POINT ( 'NONE',  ( 0.000000000000000000, 0.000000000000000000, 5.389000000000004675 ) ) ;
#877 = CARTESIAN_POINT ( 'NONE',  ( 0.4000000000000010214, -2.197165962000668493, -11.84501255233153749 ) ) ;
#878 = AXIS2_PLACEMENT_3D ( 'NONE', #338, #1044, #1074 ) ;
#879 = DIRECTION ( 'NONE',  ( 0.000000000000000000, 0.000000000000000000, 1.000000000000000000 ) ) ;
#880 = EDGE_CURVE ( 'NONE', #961, #350, #1117, .T. ) ;
#881 = VECTOR ( 'NONE', #1152, 1000.000000000000000 ) ;
#882 = DIRECTION ( 'NONE',  ( 0.000000000000000000, 1.665334536937735304E-16, -1.000000000000000000 ) ) ;
#883 = AXIS2_PLACEMENT_3D ( 'NONE', #1551, #920, #2729 ) ;
#884 = EDGE_CURVE ( 'NONE', #2232, #225, #75, .T. ) ;
#885 = ORIENTED_EDGE ( 'NONE', *, *, #1486, .T. ) ;
#886 = VERTEX_POINT ( 'NONE', #1164 ) ;
#887 = AXIS2_PLACEMENT_3D ( 'NONE', #2835, #2080, #1632 ) ;
#888 = DIRECTION ( 'NONE',  ( 1.000000000000000000, 0.000000000000000000, 0.000000000000000000 ) ) ;
#889 = CARTESIAN_POINT ( 'NONE',  ( -1.987772171367460761, -0.6841887797112473635, 1.916543085772931976 ) ) ;
#890 = VERTEX_POINT ( 'NONE', #1841 ) ;
#891 = APPROVAL_PERSON_ORGANIZATION ( #1684, #1085, #719 ) ;
#892 = DIRECTION ( 'NONE',  ( -3.343858152016827236E-15, 1.665334536937735304E-16, -1.000000000000000000 ) ) ;
#893 = CARTESIAN_POINT ( 'NONE',  ( -0.5635524950881043438, -0.4980973490458784347, 4.043577871373827293 ) ) ;
#894 = CARTESIAN_POINT ( 'NONE',  ( -1.952124248775013893, -0.7740871510008295875, 0.8890000000000009006 ) ) ;
#895 = LINE ( 'NONE', #1323, #3011 ) ;
#896 = VECTOR ( 'NONE', #2049, 1000.000000000000000 ) ;
#897 =( BOUNDED_CURVE ( )  B_SPLINE_CURVE ( 3, ( #2440, #2883, #1725, #999 ),
 .UNSPECIFIED., .F., .F. ) 
 B_SPLINE_CURVE_WITH_KNOTS ( ( 4, 4 ),
 ( 5.048055736036947572, 6.283185307179586232 ),
 .UNSPECIFIED. ) 
 CURVE ( )  GEOMETRIC_REPRESENTATION_ITEM ( )  RATIONAL_B_SPLINE_CURVE ( ( 1.000000000000000000, 0.8768606581416792389, 0.8768606581416792389, 1.000000000000000000 ) ) 
 REPRESENTATION_ITEM ( '' )  );
#898 = LINE ( 'NONE', #2780, #443 ) ;
#899 = CC_DESIGN_DATE_AND_TIME_ASSIGNMENT ( #1915, #534, ( #1591 ) ) ;
#900 = LINE ( 'NONE', #669, #937 ) ;
#901 = ORIENTED_EDGE ( 'NONE', *, *, #272, .F. ) ;
#902 = ADVANCED_FACE ( 'NONE', ( #7 ), #1640, .T. ) ;
#903 = ORIENTED_EDGE ( 'NONE', *, *, #414, .F. ) ;
#904 = FACE_OUTER_BOUND ( 'NONE', #2742, .T. ) ;
#905 = DIRECTION ( 'NONE',  ( 1.000000000000000000, 0.000000000000000000, -2.168404344971008868E-16 ) ) ;
#906 = EDGE_CURVE ( 'NONE', #949, #1000, #1346, .T. ) ;
#907 = CARTESIAN_POINT ( 'NONE',  ( -0.4000000000000010214, -2.264950330581225746, -11.87307225861763804 ) ) ;
#908 = CARTESIAN_POINT ( 'NONE',  ( 2.040073290564214936, -0.4980973490458784347, 4.043577871373827293 ) ) ;
#909 = EDGE_LOOP ( 'NONE', ( #2506, #917, #1443, #359, #149, #2925, #413, #760, #2633, #1697, #1082, #1196 ) ) ;
#910 = CARTESIAN_POINT ( 'NONE',  ( 0.000000000000000000, 0.000000000000000000, 6.139000000000005564 ) ) ;
#911 = CARTESIAN_POINT ( 'NONE',  ( 0.4000000000000010214, -2.264950330581225746, -11.87307225861763804 ) ) ;
#912 = PLANE ( 'NONE',  #1672 ) ;
#913 = CARTESIAN_POINT ( 'NONE',  ( -2.057857522118901716, -0.4285843784080463625, -4.285446898465250953 ) ) ;
#914 = CARTESIAN_POINT ( 'NONE',  ( 0.000000000000000000, 0.000000000000000000, -11.78900000000000148 ) ) ;
#915 = EDGE_LOOP ( 'NONE', ( #1224, #774, #1748, #1939 ) ) ;
#916 = EDGE_CURVE ( 'NONE', #19, #2546, #742, .T. ) ;
#917 = ORIENTED_EDGE ( 'NONE', *, *, #2259, .T. ) ;
#918 = EDGE_CURVE ( 'NONE', #2468, #313, #349, .T. ) ;
#919 =( BOUNDED_SURFACE ( )  B_SPLINE_SURFACE ( 3, 1, ( 
 ( #1402, #32 ),
 ( #518, #726 ),
 ( #969, #1663 ),
 ( #1907, #177 ) ),
 .UNSPECIFIED., .F., .F., .F. ) 
 B_SPLINE_SURFACE_WITH_KNOTS ( ( 4, 4 ),
 ( 2, 2 ),
 ( 0.000000000000000000, 1.000000000000000000 ),
 ( 0.000000000000000000, 1.000000000000000000 ),
 .UNSPECIFIED. ) 
 GEOMETRIC_REPRESENTATION_ITEM ( )  RATIONAL_B_SPLINE_SURFACE ( (
 ( 1.000000000000000000, 1.000000000000000000),
 ( 0.8754265229394324610, 0.8754265229394324610),
 ( 0.8754265229394324610, 0.8754265229394324610),
 ( 1.000000000000000000, 1.000000000000000000) ) ) 
 REPRESENTATION_ITEM ( '' )  SURFACE ( )  );
#920 = DIRECTION ( 'NONE',  ( 0.000000000000000000, -1.665334536937735304E-16, 1.000000000000000000 ) ) ;
#921 = CARTESIAN_POINT ( 'NONE',  ( -0.3999999999999975797, -2.129368206736824476, 5.466985055880804190 ) ) ;
#922 = ORIENTED_EDGE ( 'NONE', *, *, #2221, .F. ) ;
#923 = DIRECTION ( 'NONE',  ( -1.000000000000000000, -5.568642467174413953E-31, 3.304235192336775117E-15 ) ) ;
#924 = ORIENTED_EDGE ( 'NONE', *, *, #1086, .F. ) ;
#925 = ADVANCED_FACE ( 'NONE', ( #130 ), #1053, .F. ) ;
#926 = FACE_OUTER_BOUND ( 'NONE', #2191, .T. ) ;
#927 = CARTESIAN_POINT ( 'NONE',  ( -0.4000000000000010214, 2.264950330581225746, -11.87307225861763804 ) ) ;
#928 = CARTESIAN_POINT ( 'NONE',  ( 0.000000000000000000, 0.000000000000000000, -0.8890000000000000124 ) ) ;
#929 = CARTESIAN_POINT ( 'NONE',  ( -2.100000000000000089, -0.1235328774832248760, -4.500000000000007994 ) ) ;
#930 = DIRECTION ( 'NONE',  ( -0.000000000000000000, -0.000000000000000000, -1.000000000000000000 ) ) ;
#931 = ORIENTED_EDGE ( 'NONE', *, *, #825, .F. ) ;
#932 = VECTOR ( 'NONE', #2393, 1000.000000000000000 ) ;
#933 = CIRCLE ( 'NONE', #2060, 2.100000000000000089 ) ;
#934 = VERTEX_POINT ( 'NONE', #2178 ) ;
#935 = VECTOR ( 'NONE', #1670, 1000.000000000000000 ) ;
#936 = CARTESIAN_POINT ( 'NONE',  ( -0.4000000000000011324, 2.243459280444427328, -11.93819995583811711 ) ) ;
#937 = VECTOR ( 'NONE', #1605, 1000.000000000000000 ) ;
#938 = ORIENTED_EDGE ( 'NONE', *, *, #378, .F. ) ;
#939 = ORIENTED_EDGE ( 'NONE', *, *, #1216, .F. ) ;
#940 = FACE_OUTER_BOUND ( 'NONE', #1091, .T. ) ;
#941 = DIRECTION ( 'NONE',  ( 0.000000000000000000, 0.000000000000000000, 1.000000000000000000 ) ) ;
#942 = EDGE_CURVE ( 'NONE', #2768, #1493, #1281, .T. ) ;
#943 = DIRECTION ( 'NONE',  ( 1.000000000000000000, 0.000000000000000000, 3.304235192336775117E-15 ) ) ;
#944 = CC_DESIGN_SECURITY_CLASSIFICATION ( #1921, ( #216 ) ) ;
#945 = PLANE ( 'NONE',  #978 ) ;
#946 = VECTOR ( 'NONE', #273, 1000.000000000000000 ) ;
#947 = DIRECTION ( 'NONE',  ( 0.000000000000000000, 0.9961946980917455452, -0.08715574274765822138 ) ) ;
#948 = ORIENTED_EDGE ( 'NONE', *, *, #1088, .T. ) ;
#949 = VERTEX_POINT ( 'NONE', #1958 ) ;
#950 =( NAMED_UNIT ( * ) PLANE_ANGLE_UNIT ( ) SI_UNIT ( $, .RADIAN. ) );
#951 = CARTESIAN_POINT ( 'NONE',  ( 1.958670460279673842, 0.8475367633700036096, -0.04946708900203886788 ) ) ;
#952 = ORIENTED_EDGE ( 'NONE', *, *, #453, .F. ) ;
#953 = CARTESIAN_POINT ( 'NONE',  ( -0.3999999999999975797, -2.061552812808828516, 5.438999999999999169 ) ) ;
#954 = PLANE ( 'NONE',  #440 ) ;
#955 = CARTESIAN_POINT ( 'NONE',  ( 0.000000000000000000, 0.000000000000000000, -11.97076274578120803 ) ) ;
#956 = EDGE_CURVE ( 'NONE', #2496, #1681, #263, .T. ) ;
#957 = CARTESIAN_POINT ( 'NONE',  ( 0.6062564592894054138, 2.011363967672409103, -10.88168641572992534 ) ) ;
#958 = DIRECTION ( 'NONE',  ( 0.000000000000000000, 0.08715574274765822138, 0.9961946980917455452 ) ) ;
#959 = ORIENTED_EDGE ( 'NONE', *, *, #1835, .T. ) ;
#960 = EDGE_CURVE ( 'NONE', #1852, #1774, #1207, .T. ) ;
#961 = VERTEX_POINT ( 'NONE', #1068 ) ;
#962 = CARTESIAN_POINT ( 'NONE',  ( -0.4980973490458714958, 2.040073290564207831, -9.645422128626172764 ) ) ;
#963 = VERTEX_POINT ( 'NONE', #2724 ) ;
#964 = DIRECTION ( 'NONE',  ( 1.000000000000000000, 0.000000000000000000, 0.000000000000000000 ) ) ;
#965 = CARTESIAN_POINT ( 'NONE',  ( 0.000000000000000000, 0.000000000000000000, -11.73899999999999899 ) ) ;
#966 = ORIENTED_EDGE ( 'NONE', *, *, #200, .T. ) ;
#967 = LINE ( 'NONE', #2614, #2424 ) ;
#968 = DIRECTION ( 'NONE',  ( -0.000000000000000000, -0.000000000000000000, -1.000000000000000000 ) ) ;
#969 = CARTESIAN_POINT ( 'NONE',  ( 0.9308557843575822055, 2.350000000000000089, -0.8890000000000009006 ) ) ;
#970 = ORIENTED_EDGE ( 'NONE', *, *, #2144, .T. ) ;
#971 = EDGE_CURVE ( 'NONE', #597, #395, #1992, .T. ) ;
#972 = AXIS2_PLACEMENT_3D ( 'NONE', #1446, #1459, #2154 ) ;
#973 = EDGE_LOOP ( 'NONE', ( #464, #2226, #643, #1246, #572, #2740, #647, #1314, #1599, #1969 ) ) ;
#974 = CARTESIAN_POINT ( 'NONE',  ( 0.000000000000000000, 0.000000000000000000, 5.523072258617645502 ) ) ;
#975 = TOROIDAL_SURFACE ( 'NONE', #2707, 1.554966049364602254, 0.7500000000000000000 ) ;
#976 = PERSON_AND_ORGANIZATION ( #638, #3005 ) ;
#977 = ORIENTED_EDGE ( 'NONE', *, *, #2771, .T. ) ;
#978 = AXIS2_PLACEMENT_3D ( 'NONE', #1621, #199, #144 ) ;
#979 = DIRECTION ( 'NONE',  ( 0.000000000000000000, 0.000000000000000000, 1.000000000000000000 ) ) ;
#980 = FACE_OUTER_BOUND ( 'NONE', #1066, .T. ) ;
#981 = VERTEX_POINT ( 'NONE', #2948 ) ;
#982 = CARTESIAN_POINT ( 'NONE',  ( -1.958295588161912848, 0.8486177109635287819, 2.602374448188120419E-17 ) ) ;
#983 = VECTOR ( 'NONE', #362, 1000.000000000000000 ) ;
#984 = AXIS2_PLACEMENT_3D ( 'NONE', #2751, #1833, #1083 ) ;
#985 = FACE_OUTER_BOUND ( 'NONE', #60, .T. ) ;
#986 = AXIS2_PLACEMENT_3D ( 'NONE', #1899, #1223, #475 ) ;
#987 = ORIENTED_EDGE ( 'NONE', *, *, #2987, .T. ) ;
#988 = CC_DESIGN_PERSON_AND_ORGANIZATION_ASSIGNMENT ( #2646, #2151, ( #2888 ) ) ;
#989 = ORIENTED_EDGE ( 'NONE', *, *, #1727, .T. ) ;
#990 = ADVANCED_FACE ( 'NONE', ( #2934 ), #1979, .T. ) ;
#991 = CARTESIAN_POINT ( 'NONE',  ( 0.4000000000000010214, 2.197165961088450192, -11.84501255195391956 ) ) ;
#992 = DIRECTION ( 'NONE',  ( 1.000000000000000000, 0.000000000000000000, 0.000000000000000000 ) ) ;
#993 = ORIENTED_EDGE ( 'NONE', *, *, #15, .T. ) ;
#994 = EDGE_CURVE ( 'NONE', #94, #1000, #1980, .T. ) ;
#995 = DIRECTION ( 'NONE',  ( -1.000000000000000000, 0.000000000000000000, 0.000000000000000000 ) ) ;
#996 = DIRECTION ( 'NONE',  ( -0.000000000000000000, 1.000000000000000000, 0.000000000000000000 ) ) ;
#997 = ORIENTED_EDGE ( 'NONE', *, *, #1687, .F. ) ;
#998 = CARTESIAN_POINT ( 'NONE',  ( 0.4000000000000010214, -1.502637486114517751, -12.48900000000000077 ) ) ;
#999 = CARTESIAN_POINT ( 'NONE',  ( 0.000000000000000000, 2.350000000000000533, 0.8890000000000009006 ) ) ;
#1000 = VERTEX_POINT ( 'NONE', #840 ) ;
#1001 = CARTESIAN_POINT ( 'NONE',  ( 0.000000000000000000, 1.057487430955461841E-15, 8.091256121069156038 ) ) ;
#1002 = VERTEX_POINT ( 'NONE', #1775 ) ;
#1003 = CARTESIAN_POINT ( 'NONE',  ( -2.100000000000000089, 1.057487430955461841E-15, 8.091256121069156038 ) ) ;
#1004 = ADVANCED_FACE ( 'NONE', ( #2208 ), #79, .T. ) ;
#1005 = ORIENTED_EDGE ( 'NONE', *, *, #2641, .F. ) ;
#1006 = DIRECTION ( 'NONE',  ( -0.000000000000000000, 1.000000000000000000, -0.000000000000000000 ) ) ;
#1007 = LINE ( 'NONE', #524, #2357 ) ;
#1008 = ORIENTED_EDGE ( 'NONE', *, *, #2398, .F. ) ;
#1009 = CARTESIAN_POINT ( 'NONE',  ( 0.3999999999999975797, 2.061552812808828516, 5.438999999999999169 ) ) ;
#1010 = EDGE_CURVE ( 'NONE', #1715, #3010, #823, .T. ) ;
#1011 = CARTESIAN_POINT ( 'NONE',  ( -0.3999999999999975797, 1.502637486114524634, 6.139000000000005564 ) ) ;
#1012 = CARTESIAN_POINT ( 'NONE',  ( 0.6593895131183323821, 1.993791731849032800, -11.48899999999999899 ) ) ;
#1013 = CARTESIAN_POINT ( 'NONE',  ( 1.554966049364602254, 0.000000000000000000, 5.389000000000004675 ) ) ;
#1014 = ORIENTED_EDGE ( 'NONE', *, *, #485, .F. ) ;
#1015 = CARTESIAN_POINT ( 'NONE',  ( 0.3999999999999975797, -2.061552812808828516, 5.438999999999999169 ) ) ;
#1016 = ORIENTED_EDGE ( 'NONE', *, *, #1343, .T. ) ;
#1017 = CARTESIAN_POINT ( 'NONE',  ( 0.000000000000000000, 1.057487430955461841E-15, 8.091256121069156038 ) ) ;
#1018 = CIRCLE ( 'NONE', #878, 3.175000000000001155 ) ;
#1019 = VERTEX_POINT ( 'NONE', #796 ) ;
#1020 = VECTOR ( 'NONE', #2793, 1000.000000000000000 ) ;
#1021 = DIRECTION ( 'NONE',  ( 0.000000000000000000, 0.000000000000000000, 1.000000000000000000 ) ) ;
#1022 = CYLINDRICAL_SURFACE ( 'NONE', #2056, 3.174999999999999822 ) ;
#1023 = ADVANCED_FACE ( 'NONE', ( #775 ), #258, .T. ) ;
#1024 = ORIENTED_EDGE ( 'NONE', *, *, #2545, .F. ) ;
#1025 = CONICAL_SURFACE ( 'NONE', #789, 2.299999999999999822, 0.3141592653589766471 ) ;
#1026 = LINE ( 'NONE', #1009, #1032 ) ;
#1027 = DIRECTION ( 'NONE',  ( -1.000000000000000000, 0.000000000000000000, -0.000000000000000000 ) ) ;
#1028 = CIRCLE ( 'NONE', #2761, 3.174999999999999822 ) ;
#1029 = DIRECTION ( 'NONE',  ( 0.000000000000000000, 1.000000000000000000, 0.000000000000000000 ) ) ;
#1030 = EDGE_CURVE ( 'NONE', #1766, #230, #1247, .T. ) ;
#1031 = DIRECTION ( 'NONE',  ( 0.000000000000000000, 0.000000000000000000, -1.000000000000000000 ) ) ;
#1032 = VECTOR ( 'NONE', #2220, 1000.000000000000000 ) ;
#1033 = VERTEX_POINT ( 'NONE', #2192 ) ;
#1034 = DIRECTION ( 'NONE',  ( 0.000000000000000000, 1.000000000000000000, 0.000000000000000000 ) ) ;
#1035 = LOCAL_TIME ( 13, 52, 31.00000000000000000, #1871 ) ;
#1036 = ORIENTED_EDGE ( 'NONE', *, *, #1311, .T. ) ;
#1037 = CIRCLE ( 'NONE', #1534, 2.268258436585967708 ) ;
#1038 = CARTESIAN_POINT ( 'NONE',  ( 0.000000000000000000, 2.350000000000000533, -0.8890000000000009006 ) ) ;
#1039 = DATE_AND_TIME ( #2711, #798 ) ;
#1040 = CIRCLE ( 'NONE', #2227, 2.268258436585967708 ) ;
#1041 = CIRCLE ( 'NONE', #2572, 2.100000000000000089 ) ;
#1042 = ORIENTED_EDGE ( 'NONE', *, *, #470, .F. ) ;
#1043 = FACE_OUTER_BOUND ( 'NONE', #2382, .T. ) ;
#1044 = DIRECTION ( 'NONE',  ( 0.000000000000000000, 0.000000000000000000, 1.000000000000000000 ) ) ;
#1045 = ORIENTED_EDGE ( 'NONE', *, *, #825, .T. ) ;
#1046 = CARTESIAN_POINT ( 'NONE',  ( 2.040073290564206943, 0.4980973490458777686, -4.043577871373832622 ) ) ;
#1047 = CC_DESIGN_PERSON_AND_ORGANIZATION_ASSIGNMENT ( #976, #2861, ( #216 ) ) ;
#1048 = CARTESIAN_POINT ( 'NONE',  ( 1.982800871145368404, -0.7740871510008288103, 0.8890000000000009006 ) ) ;
#1049 = ADVANCED_FACE ( 'NONE', ( #1743 ), #1729, .F. ) ;
#1050 = CARTESIAN_POINT ( 'NONE',  ( 1.966180215270678877, 0.8259399663175622797, 0.2963196088843141340 ) ) ;
#1051 = ADVANCED_FACE ( 'NONE', ( #2257 ), #2379, .T. ) ;
#1052 = ORIENTED_EDGE ( 'NONE', *, *, #605, .F. ) ;
#1053 = PLANE ( 'NONE',  #500 ) ;
#1054 = EDGE_CURVE ( 'NONE', #1567, #1493, #793, .T. ) ;
#1055 = ORIENTED_EDGE ( 'NONE', *, *, #956, .F. ) ;
#1056 = CARTESIAN_POINT ( 'NONE',  ( 0.7500000000000005551, -1.961504524593302268, -5.254999999999999005 ) ) ;
#1057 = B_SPLINE_CURVE_WITH_KNOTS ( 'NONE', 3,
 ( #1179, #2059, #492, #1150, #1644, #2544 ),
 .UNSPECIFIED., .F., .F.,
 ( 4, 2, 4 ),
 ( 0.000000000000000000, 0.0004757428370953027696, 0.0009514856741906048887 ),
 .UNSPECIFIED. ) ;
#1058 = ORIENTED_EDGE ( 'NONE', *, *, #1158, .T. ) ;
#1059 = CARTESIAN_POINT ( 'NONE',  ( -1.982800871145368404, -0.7740871510008288103, 0.8890000000000009006 ) ) ;
#1060 = DIRECTION ( 'NONE',  ( 1.000000000000000000, 0.000000000000000000, -9.901389703063967462E-17 ) ) ;
#1061 = ORIENTED_EDGE ( 'NONE', *, *, #1801, .T. ) ;
#1062 = CARTESIAN_POINT ( 'NONE',  ( 2.087451327886900465, 0.2470002114573457697, -4.451835586025349123 ) ) ;
#1063 = DIRECTION ( 'NONE',  ( 0.000000000000000000, 1.665334536937735304E-16, -1.000000000000000000 ) ) ;
#1064 = LINE ( 'NONE', #2223, #2757 ) ;
#1065 = CARTESIAN_POINT ( 'NONE',  ( 0.000000000000000000, -7.234213228457522991E-16, -7.445000000000000284 ) ) ;
#1066 = EDGE_LOOP ( 'NONE', ( #2694, #1991, #1239, #2677 ) ) ;
#1067 = EDGE_CURVE ( 'NONE', #2717, #2441, #1310, .T. ) ;
#1068 = CARTESIAN_POINT ( 'NONE',  ( -0.7499999999999993339, -2.899999999999999911, -5.460999999999999410 ) ) ;
#1069 = EDGE_LOOP ( 'NONE', ( #1701, #2349, #1159, #271, #2662, #374 ) ) ;
#1070 = DIRECTION ( 'NONE',  ( -1.000000000000000000, 0.000000000000000000, -0.000000000000000000 ) ) ;
#1071 = EDGE_CURVE ( 'NONE', #1283, #604, #1589, .T. ) ;
#1072 = ORIENTED_EDGE ( 'NONE', *, *, #699, .T. ) ;
#1073 = DIRECTION ( 'NONE',  ( -0.000000000000000000, -0.000000000000000000, -1.000000000000000000 ) ) ;
#1074 = DIRECTION ( 'NONE',  ( 1.000000000000000000, 0.000000000000000000, 0.000000000000000000 ) ) ;
#1075 = ORIENTED_EDGE ( 'NONE', *, *, #1977, .F. ) ;
#1076 = CARTESIAN_POINT ( 'NONE',  ( 2.100000000000000089, 1.314662291584096921E-15, -4.500000000000007994 ) ) ;
#1077 = CONICAL_SURFACE ( 'NONE', #972, 2.299999999999999822, 0.3141592653589766471 ) ;
#1078 = DIRECTION ( 'NONE',  ( 3.343858152016827236E-15, 0.000000000000000000, 1.000000000000000000 ) ) ;
#1079 = CARTESIAN_POINT ( 'NONE',  ( -0.4871798639138812392, -2.042738866564660416, -9.520634702552898787 ) ) ;
#1080 = AXIS2_PLACEMENT_3D ( 'NONE', #1811, #2763, #653 ) ;
#1081 = LINE ( 'NONE', #1588, #2769 ) ;
#1082 = ORIENTED_EDGE ( 'NONE', *, *, #2351, .T. ) ;
#1083 = DIRECTION ( 'NONE',  ( -1.000000000000000000, 0.000000000000000000, 0.000000000000000000 ) ) ;
#1084 = VERTEX_POINT ( 'NONE', #2781 ) ;
#1085 = APPROVAL ( #2390, 'UNSPECIFIED' ) ;
#1086 = EDGE_CURVE ( 'NONE', #146, #72, #2027, .T. ) ;
#1087 = ORIENTED_EDGE ( 'NONE', *, *, #2241, .T. ) ;
#1088 = EDGE_CURVE ( 'NONE', #2529, #1855, #1421, .T. ) ;
#1089 = CARTESIAN_POINT ( 'NONE',  ( 2.087422096327619769, -0.2471642407572686995, -4.451660111647794515 ) ) ;
#1090 = CIRCLE ( 'NONE', #2127, 2.100000000000000089 ) ;
#1091 = EDGE_LOOP ( 'NONE', ( #386, #69, #403, #1252, #1742, #948, #2875, #1303, #1626, #1072 ) ) ;
#1092 = DIRECTION ( 'NONE',  ( -0.000000000000000000, 1.665334536937735304E-16, -1.000000000000000000 ) ) ;
#1093 = ADVANCED_FACE ( 'NONE', ( #188 ), #1817, .T. ) ;
#1094 = DIRECTION ( 'NONE',  ( -1.000000000000000000, 0.000000000000000000, 0.000000000000000000 ) ) ;
#1095 = LINE ( 'NONE', #576, #685 ) ;
#1096 = CARTESIAN_POINT ( 'NONE',  ( 0.7500000000000045519, -1.961504524593300935, 8.091256121069156038 ) ) ;
#1097 = PLANE ( 'NONE',  #646 ) ;
#1098 = ORIENTED_EDGE ( 'NONE', *, *, #942, .T. ) ;
#1099 = FACE_OUTER_BOUND ( 'NONE', #118, .T. ) ;
#1100 = VERTEX_POINT ( 'NONE', #640 ) ;
#1101 = DIRECTION ( 'NONE',  ( 1.000000000000000000, 0.000000000000000000, -3.304235192336775117E-15 ) ) ;
#1102 = FACE_OUTER_BOUND ( 'NONE', #1823, .T. ) ;
#1103 = ORIENTED_EDGE ( 'NONE', *, *, #906, .T. ) ;
#1104 = CARTESIAN_POINT ( 'NONE',  ( -3.079190491453137390, -0.4980973490458784347, 4.043577871373827293 ) ) ;
#1105 = CARTESIAN_POINT ( 'NONE',  ( -0.7499999999999996669, -3.176000000000000600, -7.239000000000000767 ) ) ;
#1106 = CARTESIAN_POINT ( 'NONE',  ( 3.176025000000002763, 0.8453832043415124842, -0.07408238133550916482 ) ) ;
#1107 = EDGE_CURVE ( 'NONE', #2141, #857, #2516, .T. ) ;
#1108 = LINE ( 'NONE', #2537, #1583 ) ;
#1109 =( BOUNDED_SURFACE ( )  B_SPLINE_SURFACE ( 3, 1, ( 
 ( #1038, #1732 ),
 ( #813, #2461 ),
 ( #2709, #1250 ),
 ( #599, #567 ) ),
 .UNSPECIFIED., .F., .F., .F. ) 
 B_SPLINE_SURFACE_WITH_KNOTS ( ( 4, 4 ),
 ( 2, 2 ),
 ( 0.000000000000000000, 1.000000000000000000 ),
 ( 0.000000000000000000, 1.000000000000000000 ),
 .UNSPECIFIED. ) 
 GEOMETRIC_REPRESENTATION_ITEM ( )  RATIONAL_B_SPLINE_SURFACE ( (
 ( 1.000000000000000000, 1.000000000000000000),
 ( 0.8754265229394532222, 0.8754265229394532222),
 ( 0.8754265229394532222, 0.8754265229394532222),
 ( 1.000000000000000000, 1.000000000000000000) ) ) 
 REPRESENTATION_ITEM ( '' )  SURFACE ( )  );
#1110 = CARTESIAN_POINT ( 'NONE',  ( 0.000000000000000000, 0.000000000000000000, -11.78900000000000148 ) ) ;
#1111 = ORIENTED_EDGE ( 'NONE', *, *, #729, .T. ) ;
#1112 = UNCERTAINTY_MEASURE_WITH_UNIT (LENGTH_MEASURE( 1.000000000000000082E-05 ), #2167, 'distance_accuracy_value', 'NONE');
#1113 = VERTEX_POINT ( 'NONE', #2767 ) ;
#1114 = DIRECTION ( 'NONE',  ( 3.343858152016827236E-15, 0.000000000000000000, 1.000000000000000000 ) ) ;
#1115 = CARTESIAN_POINT ( 'NONE',  ( -0.3999999999999975797, -2.264950330581230631, 5.523072258617645502 ) ) ;
#1116 = ORIENTED_EDGE ( 'NONE', *, *, #1467, .F. ) ;
#1117 = LINE ( 'NONE', #2076, #1584 ) ;
#1118 = LINE ( 'NONE', #2517, #1816 ) ;
#1119 = DIRECTION ( 'NONE',  ( 0.000000000000000000, -1.665334536937735304E-16, 1.000000000000000000 ) ) ;
#1120 = TOROIDAL_SURFACE ( 'NONE', #834, 1.554966049364602254, 0.7500000000000000000 ) ;
#1121 = CARTESIAN_POINT ( 'NONE',  ( 0.4000000000000010214, -2.061552812808830293, -11.78900000000000148 ) ) ;
#1122 = B_SPLINE_CURVE_WITH_KNOTS ( 'NONE', 3,
 ( #2170, #1197, #2128, #523, #1658, #766 ),
 .UNSPECIFIED., .F., .F.,
 ( 4, 2, 4 ),
 ( 0.0007409915739094904410, 0.001111325355975631597, 0.001481659138041772862 ),
 .UNSPECIFIED. ) ;
#1123 = EDGE_CURVE ( 'NONE', #768, #855, #1752, .T. ) ;
#1124 = CARTESIAN_POINT ( 'NONE',  ( 0.4286119346557868970, 2.057850353472995941, -9.403605336466522857 ) ) ;
#1125 = FACE_OUTER_BOUND ( 'NONE', #973, .T. ) ;
#1126 = VECTOR ( 'NONE', #461, 1000.000000000000000 ) ;
#1127 = EDGE_LOOP ( 'NONE', ( #1808, #2725, #1383, #498 ) ) ;
#1128 = ADVANCED_FACE ( 'NONE', ( #175 ), #1097, .T. ) ;
#1129 = AXIS2_PLACEMENT_3D ( 'NONE', #806, #788, #2488 ) ;
#1130 = ORIENTED_EDGE ( 'NONE', *, *, #2448, .F. ) ;
#1131 = VECTOR ( 'NONE', #579, 1000.000000000000000 ) ;
#1132 = CARTESIAN_POINT ( 'NONE',  ( -0.6593895131183358238, -1.993791731849034576, 5.139000000000004675 ) ) ;
#1133 = CARTESIAN_POINT ( 'NONE',  ( 0.000000000000000000, 0.000000000000000000, -11.78900000000000148 ) ) ;
#1134 = VERTEX_POINT ( 'NONE', #2302 ) ;
#1135 = CARTESIAN_POINT ( 'NONE',  ( 0.4980973490458784347, -2.040073290564214936, 3.295422128626185554 ) ) ;
#1136 = ORIENTED_EDGE ( 'NONE', *, *, #1432, .F. ) ;
#1137 = AXIS2_PLACEMENT_3D ( 'NONE', #2409, #792, #1708 ) ;
#1138 = CARTESIAN_POINT ( 'NONE',  ( 0.000000000000000000, 0.000000000000000000, -11.87307225861763804 ) ) ;
#1139 = CARTESIAN_POINT ( 'NONE',  ( 0.3999999999999975797, -2.264950330581230631, 5.523072258617645502 ) ) ;
#1140 = CARTESIAN_POINT ( 'NONE',  ( 2.100000000000000533, 0.1234788608634414808, 4.500000000000002665 ) ) ;
#1141 = CARTESIAN_POINT ( 'NONE',  ( 0.2470917478819850410, 2.087439085565596653, -9.237221323398957296 ) ) ;
#1142 = EDGE_CURVE ( 'NONE', #1728, #261, #1802, .T. ) ;
#1143 = ADVANCED_FACE ( 'NONE', ( #1125 ), #2066, .F. ) ;
#1144 = ORIENTED_EDGE ( 'NONE', *, *, #2474, .F. ) ;
#1145 = EDGE_CURVE ( 'NONE', #280, #371, #900, .T. ) ;
#1146 = ORIENTED_EDGE ( 'NONE', *, *, #525, .F. ) ;
#1147 = DIRECTION ( 'NONE',  ( -2.970416910919190115E-16, 0.000000000000000000, -1.000000000000000000 ) ) ;
#1148 = CARTESIAN_POINT ( 'NONE',  ( -0.3999999999999975797, -2.061552812808828516, 5.438999999999999169 ) ) ;
#1149 = ORIENTED_EDGE ( 'NONE', *, *, #1669, .F. ) ;
#1150 = CARTESIAN_POINT ( 'NONE',  ( -0.3999999999999975797, -2.081805041010025281, 5.906940355987368108 ) ) ;
#1151 = ORIENTED_EDGE ( 'NONE', *, *, #286, .T. ) ;
#1152 = DIRECTION ( 'NONE',  ( 0.000000000000000000, 1.665334536937735304E-16, -1.000000000000000000 ) ) ;
#1153 = LINE ( 'NONE', #2518, #2012 ) ;
#1154 = FACE_OUTER_BOUND ( 'NONE', #1922, .T. ) ;
#1155 = CARTESIAN_POINT ( 'NONE',  ( 0.000000000000000000, 0.000000000000000000, -11.97076274578120803 ) ) ;
#1156 = DIRECTION ( 'NONE',  ( 0.000000000000000000, 0.08715574274765852669, -0.9961946980917455452 ) ) ;
#1157 = EDGE_LOOP ( 'NONE', ( #1263, #426, #1163, #1875, #2723, #3031 ) ) ;
#1158 = EDGE_CURVE ( 'NONE', #2496, #1206, #2252, .T. ) ;
#1159 = ORIENTED_EDGE ( 'NONE', *, *, #811, .T. ) ;
#1160 = ADVANCED_FACE ( 'NONE', ( #2002 ), #2022, .F. ) ;
#1161 = CARTESIAN_POINT ( 'NONE',  ( 0.000000000000000000, 2.350000000000000533, -12.53545247797180728 ) ) ;
#1162 = CARTESIAN_POINT ( 'NONE',  ( 0.4241611831257786625, -0.6374886610082101113, 2.450327885093740221 ) ) ;
#1163 = ORIENTED_EDGE ( 'NONE', *, *, #2959, .F. ) ;
#1164 = CARTESIAN_POINT ( 'NONE',  ( -0.3999999999999975797, 2.061552812808828516, 5.438999999999999169 ) ) ;
#1165 = VERTEX_POINT ( 'NONE', #2700 ) ;
#1166 = DIRECTION ( 'NONE',  ( -1.000000000000000000, -0.000000000000000000, -0.000000000000000000 ) ) ;
#1167 = CARTESIAN_POINT ( 'NONE',  ( 0.9245164006358407294, 2.350000000000000533, -0.8890000000000009006 ) ) ;
#1168 = DIRECTION ( 'NONE',  ( -1.000000000000000000, 0.000000000000000000, -0.000000000000000000 ) ) ;
#1169 = CARTESIAN_POINT ( 'NONE',  ( 1.957545608681447113, 0.8507825969242226449, 0.000000000000000000 ) ) ;
#1170 = VECTOR ( 'NONE', #571, 1000.000000000000000 ) ;
#1171 = CARTESIAN_POINT ( 'NONE',  ( 3.175999999999998380, 0.4980973490458784347, 4.043577871373827293 ) ) ;
#1172 = VERTEX_POINT ( 'NONE', #2438 ) ;
#1173 = VECTOR ( 'NONE', #1630, 1000.000000000000000 ) ;
#1174 = VECTOR ( 'NONE', #95, 1000.000000000000000 ) ;
#1175 = ORIENTED_EDGE ( 'NONE', *, *, #916, .T. ) ;
#1176 = VECTOR ( 'NONE', #2830, 1000.000000000000000 ) ;
#1177 = APPROVAL_DATE_TIME ( #2873, #1085 ) ;
#1178 = VERTEX_POINT ( 'NONE', #1785 ) ;
#1179 = CARTESIAN_POINT ( 'NONE',  ( -0.3999999999999975797, -1.502637486114524634, 6.139000000000005564 ) ) ;
#1180 = VECTOR ( 'NONE', #627, 1000.000000000000000 ) ;
#1181 = EDGE_CURVE ( 'NONE', #1165, #398, #1480, .T. ) ;
#1182 = EDGE_LOOP ( 'NONE', ( #1539, #2953, #276, #1759, #1513, #1116, #632 ) ) ;
#1183 = CARTESIAN_POINT ( 'NONE',  ( 0.000000000000000000, 0.000000000000000000, -7.238999999999999879 ) ) ;
#1184 = LINE ( 'NONE', #28, #2507 ) ;
#1185 = CARTESIAN_POINT ( 'NONE',  ( 0.7500000000000004441, -2.899999999999999911, -5.460999999999999410 ) ) ;
#1186 = ADVANCED_FACE ( 'NONE', ( #2237 ), #328, .F. ) ;
#1187 = AXIS2_PLACEMENT_3D ( 'NONE', #914, #2797, #2189 ) ;
#1188 = LINE ( 'NONE', #2897, #396 ) ;
#1189 = AXIS2_PLACEMENT_3D ( 'NONE', #2945, #1308, #593 ) ;
#1190 = AXIS2_PLACEMENT_3D ( 'NONE', #123, #1449, #741 ) ;
#1191 = CARTESIAN_POINT ( 'NONE',  ( 1.967600101913766331, -0.8216186485717863475, -0.3457124967174004526 ) ) ;
#1192 = ORIENTED_EDGE ( 'NONE', *, *, #1448, .F. ) ;
#1193 = B_SPLINE_CURVE_WITH_KNOTS ( 'NONE', 3,
 ( #998, #2145, #274, #2188, #287, #2408 ),
 .UNSPECIFIED., .F., .F.,
 ( 4, 2, 4 ),
 ( 0.000000000000000000, 0.0004757428370953075401, 0.0009514856741906150802 ),
 .UNSPECIFIED. ) ;
#1194 = VERTEX_POINT ( 'NONE', #575 ) ;
#1195 = CARTESIAN_POINT ( 'NONE',  ( -0.6384862241408106875, -0.4231636199931720910, 4.900074313687135863 ) ) ;
#1196 = ORIENTED_EDGE ( 'NONE', *, *, #178, .T. ) ;
#1197 = CARTESIAN_POINT ( 'NONE',  ( -2.100000000000000533, 0.1234788608634428131, -4.500000000000008882 ) ) ;
#1198 = DIRECTION ( 'NONE',  ( -3.343858152016816980E-15, 0.000000000000000000, 1.000000000000000000 ) ) ;
#1199 = ADVANCED_FACE ( 'NONE', ( #2471 ), #151, .T. ) ;
#1200 = VERTEX_POINT ( 'NONE', #1988 ) ;
#1201 = CARTESIAN_POINT ( 'NONE',  ( 0.000000000000000000, 0.000000000000000000, 5.139000000000004675 ) ) ;
#1202 = CARTESIAN_POINT ( 'NONE',  ( 0.000000000000000000, 1.057487430955461841E-15, -5.254999999999999005 ) ) ;
#1203 = EDGE_CURVE ( 'NONE', #80, #2577, #561, .T. ) ;
#1204 = CARTESIAN_POINT ( 'NONE',  ( -0.5524637716922237152, 2.026799369905325499, 3.916833182988006534 ) ) ;
#1205 = ORIENTED_EDGE ( 'NONE', *, *, #1348, .T. ) ;
#1206 = VERTEX_POINT ( 'NONE', #2670 ) ;
#1207 =( BOUNDED_CURVE ( )  B_SPLINE_CURVE ( 3, ( #332, #1262, #93, #2478 ),
 .UNSPECIFIED., .F., .F. ) 
 B_SPLINE_CURVE_WITH_KNOTS ( ( 4, 4 ),
 ( 1.810267798689539243, 1.890194266040168714 ),
 .UNSPECIFIED. ) 
 CURVE ( )  GEOMETRIC_REPRESENTATION_ITEM ( )  RATIONAL_B_SPLINE_CURVE ( ( 1.000000000000000000, 0.9994677174976542844, 0.9994677174976542844, 1.000000000000000000 ) ) 
 REPRESENTATION_ITEM ( '' )  );
#1208 = CARTESIAN_POINT ( 'NONE',  ( -2.040073290564206498, -0.4980973490458769359, -4.043577871373832622 ) ) ;
#1209 = CARTESIAN_POINT ( 'NONE',  ( -1.952124248775016779, 0.7740871510008278111, -0.8890000000000009006 ) ) ;
#1210 = ORIENTED_EDGE ( 'NONE', *, *, #81, .F. ) ;
#1211 = DIRECTION ( 'NONE',  ( -1.000000000000000000, -3.611118645726068319E-32, 2.168404344971008868E-16 ) ) ;
#1212 = DIRECTION ( 'NONE',  ( -2.970416910919190115E-16, -0.000000000000000000, -1.000000000000000000 ) ) ;
#1213 = ORIENTED_EDGE ( 'NONE', *, *, #960, .F. ) ;
#1214 = CARTESIAN_POINT ( 'NONE',  ( -1.975391655736665086, -0.7978532881304646329, -0.6173518095736005851 ) ) ;
#1215 = CARTESIAN_POINT ( 'NONE',  ( -0.3999999999999975797, 2.254205848354697839, 5.555636450100680079 ) ) ;
#1216 = EDGE_CURVE ( 'NONE', #2354, #1607, #2789, .T. ) ;
#1217 = ORIENTED_EDGE ( 'NONE', *, *, #84, .T. ) ;
#1218 = AXIS2_PLACEMENT_3D ( 'NONE', #2340, #445, #2774 ) ;
#1219 = EDGE_CURVE ( 'NONE', #2745, #2496, #1541, .T. ) ;
#1220 = ORIENTED_EDGE ( 'NONE', *, *, #2752, .F. ) ;
#1221 = DIRECTION ( 'NONE',  ( -0.000000000000000000, -0.000000000000000000, -1.000000000000000000 ) ) ;
#1222 = VECTOR ( 'NONE', #557, 1000.000000000000000 ) ;
#1223 = DIRECTION ( 'NONE',  ( 3.343858152016816980E-15, 1.665334536937735304E-16, -1.000000000000000000 ) ) ;
#1224 = ORIENTED_EDGE ( 'NONE', *, *, #2335, .F. ) ;
#1225 = CARTESIAN_POINT ( 'NONE',  ( 0.3999999999999975797, -2.232710535457607559, 5.620762745781215486 ) ) ;
#1226 = ORIENTED_EDGE ( 'NONE', *, *, #335, .T. ) ;
#1227 = CARTESIAN_POINT ( 'NONE',  ( -1.967600101913246080, -0.8216186485733469880, -0.3457124967174750041 ) ) ;
#1228 = AXIS2_PLACEMENT_3D ( 'NONE', #1754, #835, #1510 ) ;
#1229 = VECTOR ( 'NONE', #137, 1000.000000000000000 ) ;
#1230 =( BOUNDED_CURVE ( )  B_SPLINE_CURVE ( 3, ( #577, #1695, #2160, #2455 ),
 .UNSPECIFIED., .F., .F. ) 
 B_SPLINE_CURVE_WITH_KNOTS ( ( 4, 4 ),
 ( 4.334872545185191051, 4.472917508490045435 ),
 .UNSPECIFIED. ) 
 CURVE ( )  GEOMETRIC_REPRESENTATION_ITEM ( )  RATIONAL_B_SPLINE_CURVE ( ( 1.000000000000000000, 0.9984125960386560639, 0.9984125960386560639, 1.000000000000000000 ) ) 
 REPRESENTATION_ITEM ( '' )  );
#1231 = CARTESIAN_POINT ( 'NONE',  ( 0.000000000000000000, -3.174999999999997158, 3.339000000000008406 ) ) ;
#1232 = EDGE_LOOP ( 'NONE', ( #1144, #1457, #2713, #383, #2292, #2833, #1981, #809 ) ) ;
#1233 = EDGE_CURVE ( 'NONE', #2969, #1298, #1951, .T. ) ;
#1234 = CARTESIAN_POINT ( 'NONE',  ( -3.176025000000002763, -0.7740871510008234813, -0.8890000000000000124 ) ) ;
#1235 = EDGE_LOOP ( 'NONE', ( #34, #2134, #1220, #870, #1673 ) ) ;
#1236 = DIRECTION ( 'NONE',  ( 0.000000000000000000, 1.665334536937735304E-16, -1.000000000000000000 ) ) ;
#1237 = ADVANCED_FACE ( 'NONE', ( #104 ), #138, .F. ) ;
#1238 = CYLINDRICAL_SURFACE ( 'NONE', #1777, 2.100000000000000089 ) ;
#1239 = ORIENTED_EDGE ( 'NONE', *, *, #735, .F. ) ;
#1240 = DIRECTION ( 'NONE',  ( -2.970416910919190115E-16, 0.000000000000000000, -1.000000000000000000 ) ) ;
#1241 = DIRECTION ( 'NONE',  ( -1.000000000000000000, 0.000000000000000000, 0.000000000000000000 ) ) ;
#1242 = ORIENTED_EDGE ( 'NONE', *, *, #2530, .F. ) ;
#1243 = CARTESIAN_POINT ( 'NONE',  ( 0.000000000000000000, 0.000000000000000000, -6.349999999999999645 ) ) ;
#1244 = CARTESIAN_POINT ( 'NONE',  ( 0.4980973490458784347, 0.5635524950881043438, 3.295422128626185554 ) ) ;
#1245 = CARTESIAN_POINT ( 'NONE',  ( -2.100000000000000089, -1.216877793323906315E-16, -7.238999999999999879 ) ) ;
#1246 = ORIENTED_EDGE ( 'NONE', *, *, #2281, .T. ) ;
#1247 = LINE ( 'NONE', #2675, #1917 ) ;
#1248 = ORIENTED_EDGE ( 'NONE', *, *, #2016, .T. ) ;
#1249 = EDGE_CURVE ( 'NONE', #564, #2717, #1625, .T. ) ;
#1250 = CARTESIAN_POINT ( 'NONE',  ( -1.687771656165978351, 1.743675613724505968, 0.8890000000000010116 ) ) ;
#1251 = APPROVAL_STATUS ( 'not_yet_approved' ) ;
#1252 = ORIENTED_EDGE ( 'NONE', *, *, #1783, .T. ) ;
#1253 = EDGE_CURVE ( 'NONE', #1200, #2698, #2896, .T. ) ;
#1254 = DIRECTION ( 'NONE',  ( 0.9218631515885042926, 0.000000000000000000, 0.3875155864520939408 ) ) ;
#1255 = DIRECTION ( 'NONE',  ( 0.000000000000000000, 1.665334536937735304E-16, -1.000000000000000000 ) ) ;
#1256 = ORIENTED_EDGE ( 'NONE', *, *, #994, .T. ) ;
#1257 = FACE_OUTER_BOUND ( 'NONE', #493, .T. ) ;
#1258 = CARTESIAN_POINT ( 'NONE',  ( -1.982800871145368848, 0.7740871510008278111, -0.8890000000000000124 ) ) ;
#1259 = DIRECTION ( 'NONE',  ( 0.000000000000000000, -1.665334536937735304E-16, 1.000000000000000000 ) ) ;
#1260 = CARTESIAN_POINT ( 'NONE',  ( 1.952124248775013893, 0.7740871510008295875, 0.8890000000000009006 ) ) ;
#1261 = ORIENTED_EDGE ( 'NONE', *, *, #1181, .F. ) ;
#1262 = CARTESIAN_POINT ( 'NONE',  ( -0.5524637716922234931, -2.026799369905325943, 3.916833182988003870 ) ) ;
#1263 = ORIENTED_EDGE ( 'NONE', *, *, #2202, .F. ) ;
#1264 = DIRECTION ( 'NONE',  ( 1.000000000000000000, 0.000000000000000000, 0.000000000000000000 ) ) ;
#1265 = SHAPE_DEFINITION_REPRESENTATION ( #2918, #2520 ) ;
#1266 = AXIS2_PLACEMENT_3D ( 'NONE', #181, #2759, #1394 ) ;
#1267 = ORIENTED_EDGE ( 'NONE', *, *, #320, .T. ) ;
#1268 = AXIS2_PLACEMENT_3D ( 'NONE', #1587, #1365, #420 ) ;
#1269 = CARTESIAN_POINT ( 'NONE',  ( 0.000000000000000000, 1.057487430955461841E-15, -5.254999999999999005 ) ) ;
#1270 = ADVANCED_FACE ( 'NONE', ( #2684 ), #2734, .F. ) ;
#1271 = CARTESIAN_POINT ( 'NONE',  ( -2.100000000000000089, 2.571758278209441957E-16, -11.78900000000000148 ) ) ;
#1272 = ORIENTED_EDGE ( 'NONE', *, *, #2919, .T. ) ;
#1273 = ADVANCED_FACE ( 'NONE', ( #2501 ), #1428, .T. ) ;
#1274 = CARTESIAN_POINT ( 'NONE',  ( 0.000000000000000000, 0.000000000000000000, -11.78900000000000148 ) ) ;
#1275 = DIRECTION ( 'NONE',  ( 0.000000000000000000, -1.000000000000000000, 0.000000000000000000 ) ) ;
#1276 = DIRECTION ( 'NONE',  ( 0.000000000000000000, 1.000000000000000000, 0.000000000000000000 ) ) ;
#1277 = EDGE_CURVE ( 'NONE', #934, #2894, #1606, .T. ) ;
#1278 = CARTESIAN_POINT ( 'NONE',  ( 1.974718017464871078, 0.8000140809621071325, 0.5926538344925700308 ) ) ;
#1279 = CIRCLE ( 'NONE', #842, 2.299999999999999822 ) ;
#1280 = ORIENTED_EDGE ( 'NONE', *, *, #200, .F. ) ;
#1281 = LINE ( 'NONE', #1234, #1131 ) ;
#1282 = APPROVAL_PERSON_ORGANIZATION ( #2463, #542, #2445 ) ;
#1283 = VERTEX_POINT ( 'NONE', #1011 ) ;
#1284 = DIRECTION ( 'NONE',  ( -0.000000000000000000, 1.000000000000000000, -0.000000000000000000 ) ) ;
#1285 = VECTOR ( 'NONE', #1340, 1000.000000000000000 ) ;
#1286 = ORIENTED_EDGE ( 'NONE', *, *, #1203, .F. ) ;
#1287 = CARTESIAN_POINT ( 'NONE',  ( 0.000000000000000000, 0.000000000000000000, 5.389000000000004675 ) ) ;
#1288 = CARTESIAN_POINT ( 'NONE',  ( -0.4000000000000011879, -1.821676962433381508, -12.43997030331114928 ) ) ;
#1289 = ORIENTED_EDGE ( 'NONE', *, *, #769, .F. ) ;
#1290 = DIRECTION ( 'NONE',  ( 0.000000000000000000, 0.000000000000000000, 1.000000000000000000 ) ) ;
#1291 = EDGE_CURVE ( 'NONE', #2122, #2491, #465, .T. ) ;
#1292 = DIRECTION ( 'NONE',  ( 1.000000000000000000, 0.000000000000000000, -3.304235192336775117E-15 ) ) ;
#1293 = CARTESIAN_POINT ( 'NONE',  ( -0.6593895131183289404, -3.174999999999999822, -11.48899999999999899 ) ) ;
#1294 = CARTESIAN_POINT ( 'NONE',  ( -2.299999999999999822, 1.400084358743120423E-17, -11.87307225861763804 ) ) ;
#1295 = ORIENTED_EDGE ( 'NONE', *, *, #1067, .T. ) ;
#1296 = EDGE_CURVE ( 'NONE', #2618, #232, #1118, .T. ) ;
#1297 = CARTESIAN_POINT ( 'NONE',  ( 2.100000000000000089, 2.571767950153651913E-16, 4.500000000000003553 ) ) ;
#1298 = VERTEX_POINT ( 'NONE', #2268 ) ;
#1299 = PLANE ( 'NONE',  #737 ) ;
#1300 = ORIENTED_EDGE ( 'NONE', *, *, #2373, .T. ) ;
#1301 = CARTESIAN_POINT ( 'NONE',  ( 0.7500000000000045519, -1.961504524593300935, -5.460999999999999410 ) ) ;
#1302 = CARTESIAN_POINT ( 'NONE',  ( 0.4980973490458784347, 0.5635524950881043438, 3.295422128626185554 ) ) ;
#1303 = ORIENTED_EDGE ( 'NONE', *, *, #2824, .F. ) ;
#1304 = PLANE ( 'NONE',  #2067 ) ;
#1305 =( BOUNDED_CURVE ( )  B_SPLINE_CURVE ( 3, ( #2598, #2812, #1204, #2585 ),
 .UNSPECIFIED., .F., .F. ) 
 B_SPLINE_CURVE_WITH_KNOTS ( ( 4, 4 ),
 ( 4.392991041139417518, 4.472917508490047211 ),
 .UNSPECIFIED. ) 
 CURVE ( )  GEOMETRIC_REPRESENTATION_ITEM ( )  RATIONAL_B_SPLINE_CURVE ( ( 1.000000000000000000, 0.9994677174976542844, 0.9994677174976542844, 1.000000000000000000 ) ) 
 REPRESENTATION_ITEM ( '' )  );
#1306 = CARTESIAN_POINT ( 'NONE',  ( -0.6062564592894041926, -2.011363967672409547, -10.88168641572991469 ) ) ;
#1307 = DIRECTION ( 'NONE',  ( 0.000000000000000000, -1.665334536937735304E-16, 1.000000000000000000 ) ) ;
#1308 = DIRECTION ( 'NONE',  ( 0.000000000000000000, 0.000000000000000000, 1.000000000000000000 ) ) ;
#1309 = ORIENTED_EDGE ( 'NONE', *, *, #2164, .T. ) ;
#1310 = LINE ( 'NONE', #2552, #2519 ) ;
#1311 = EDGE_CURVE ( 'NONE', #1283, #604, #543, .T. ) ;
#1312 = ORIENTED_EDGE ( 'NONE', *, *, #2221, .T. ) ;
#1313 = EDGE_CURVE ( 'NONE', #2395, #1194, #2155, .T. ) ;
#1314 = ORIENTED_EDGE ( 'NONE', *, *, #1954, .T. ) ;
#1315 = CARTESIAN_POINT ( 'NONE',  ( -3.176025000000002763, 0.7740871510008278111, -0.8890000000000000124 ) ) ;
#1316 = DIRECTION ( 'NONE',  ( 0.000000000000000000, -1.665334536937735304E-16, 1.000000000000000000 ) ) ;
#1317 = ORIENTED_EDGE ( 'NONE', *, *, #1600, .F. ) ;
#1318 = DIRECTION ( 'NONE',  ( 1.000000000000000000, -0.000000000000000000, -0.000000000000000000 ) ) ;
#1319 = CIRCLE ( 'NONE', #1266, 2.299999999999999822 ) ;
#1320 = DIRECTION ( 'NONE',  ( -0.000000000000000000, -0.000000000000000000, -1.000000000000000000 ) ) ;
#1321 = DIRECTION ( 'NONE',  ( 1.000000000000000000, 0.000000000000000000, 0.000000000000000000 ) ) ;
#1322 = AXIS2_PLACEMENT_3D ( 'NONE', #1138, #1384, #2078 ) ;
#1323 = CARTESIAN_POINT ( 'NONE',  ( 0.7500000000000000000, 3.176000000000002821, -7.238999999999998991 ) ) ;
#1324 =( BOUNDED_CURVE ( )  B_SPLINE_CURVE ( 3, ( #300, #55, #2173, #982 ),
 .UNSPECIFIED., .F., .F. ) 
 B_SPLINE_CURVE_WITH_KNOTS ( ( 4, 4 ),
 ( 1.199852138807596669, 1.201334185226686779 ),
 .UNSPECIFIED. ) 
 CURVE ( )  GEOMETRIC_REPRESENTATION_ITEM ( )  RATIONAL_B_SPLINE_CURVE ( ( 1.000000000000000000, 0.9999998169615427202, 0.9999998169615427202, 1.000000000000000000 ) ) 
 REPRESENTATION_ITEM ( '' )  );
#1325 = VECTOR ( 'NONE', #2211, 1000.000000000000000 ) ;
#1326 = CARTESIAN_POINT ( 'NONE',  ( -0.7499999999999996669, -3.176000000000000600, -7.445000000000000284 ) ) ;
#1327 = AXIS2_PLACEMENT_3D ( 'NONE', #1485, #2429, #318 ) ;
#1328 = ORIENTED_EDGE ( 'NONE', *, *, #660, .T. ) ;
#1329 = ADVANCED_FACE ( 'NONE', ( #926 ), #2092, .F. ) ;
#1330 =( BOUNDED_CURVE ( )  B_SPLINE_CURVE ( 3, ( #673, #2283, #889, #1582 ),
 .UNSPECIFIED., .F., .F. ) 
 B_SPLINE_CURVE_WITH_KNOTS ( ( 4, 4 ),
 ( 4.951860452279332137, 5.089905415584187409 ),
 .UNSPECIFIED. ) 
 CURVE ( )  GEOMETRIC_REPRESENTATION_ITEM ( )  RATIONAL_B_SPLINE_CURVE ( ( 1.000000000000000000, 0.9984125960386560639, 0.9984125960386560639, 1.000000000000000000 ) ) 
 REPRESENTATION_ITEM ( '' )  );
#1331 = ORIENTED_EDGE ( 'NONE', *, *, #1579, .T. ) ;
#1332 = ADVANCED_FACE ( 'NONE', ( #634 ), #2535, .F. ) ;
#1333 = CARTESIAN_POINT ( 'NONE',  ( 0.3999999999999975797, 2.232710535457607559, 5.620762745781215486 ) ) ;
#1334 = DIRECTION ( 'NONE',  ( -1.000000000000000000, 5.568642467174398189E-31, -3.304235192336775117E-15 ) ) ;
#1335 = AXIS2_PLACEMENT_3D ( 'NONE', #2346, #215, #724 ) ;
#1336 = ORIENTED_EDGE ( 'NONE', *, *, #2771, .F. ) ;
#1337 = CARTESIAN_POINT ( 'NONE',  ( 0.4000000000000010214, -1.502637486114517751, -12.48900000000000077 ) ) ;
#1338 = DIRECTION ( 'NONE',  ( 0.000000000000000000, -0.000000000000000000, -1.000000000000000000 ) ) ;
#1339 = DIRECTION ( 'NONE',  ( 1.000000000000000000, 0.000000000000000000, 0.000000000000000000 ) ) ;
#1340 = DIRECTION ( 'NONE',  ( 0.000000000000000000, 1.000000000000000000, 0.000000000000000000 ) ) ;
#1341 = CARTESIAN_POINT ( 'NONE',  ( 0.000000000000000000, 0.000000000000000000, -11.78900000000000148 ) ) ;
#1342 = ORIENTED_EDGE ( 'NONE', *, *, #2772, .F. ) ;
#1343 = EDGE_CURVE ( 'NONE', #43, #2193, #1371, .T. ) ;
#1344 = EDGE_LOOP ( 'NONE', ( #1580, #3023, #650, #832, #1042 ) ) ;
#1345 = CARTESIAN_POINT ( 'NONE',  ( 0.3999999999999975797, -2.061552812808828516, 5.438999999999999169 ) ) ;
#1346 = B_SPLINE_CURVE_WITH_KNOTS ( 'NONE', 3,
 ( #908, #1613, #477, #2228, #1940, #1297 ),
 .UNSPECIFIED., .F., .F.,
 ( 4, 2, 4 ),
 ( 0.000000000000000000, 0.0003704957869547437026, 0.0007409915739094874053 ),
 .UNSPECIFIED. ) ;
#1347 = DIRECTION ( 'NONE',  ( -2.970416910919190115E-16, 0.000000000000000000, -1.000000000000000000 ) ) ;
#1348 = EDGE_CURVE ( 'NONE', #484, #503, #449, .T. ) ;
#1349 = ORIENTED_EDGE ( 'NONE', *, *, #1911, .F. ) ;
#1350 = FACE_OUTER_BOUND ( 'NONE', #2039, .T. ) ;
#1351 = EDGE_CURVE ( 'NONE', #2213, #2966, #2581, .T. ) ;
#1352 = CARTESIAN_POINT ( 'NONE',  ( -0.6374886610082070026, 0.4241611831257786625, 4.888672114906272625 ) ) ;
#1353 = FACE_OUTER_BOUND ( 'NONE', #176, .T. ) ;
#1354 = DIRECTION ( 'NONE',  ( 1.000000000000000000, 0.000000000000000000, 0.000000000000000000 ) ) ;
#1355 = CARTESIAN_POINT ( 'NONE',  ( -0.1233449203368015140, 2.100009524403046335, -9.188959997505214972 ) ) ;
#1356 = DIRECTION ( 'NONE',  ( 0.000000000000000000, 1.665334536937735304E-16, -1.000000000000000000 ) ) ;
#1357 = ORIENTED_EDGE ( 'NONE', *, *, #1685, .T. ) ;
#1358 = ORIENTED_EDGE ( 'NONE', *, *, #1747, .F. ) ;
#1359 = CARTESIAN_POINT ( 'NONE',  ( -1.959412432082485944, 0.8453832043415124842, -0.07408238133550941462 ) ) ;
#1360 = CARTESIAN_POINT ( 'NONE',  ( 1.292526595471058526, 2.899999999999999023, -7.238999999999998991 ) ) ;
#1361 = ORIENTED_EDGE ( 'NONE', *, *, #866, .F. ) ;
#1362 = CARTESIAN_POINT ( 'NONE',  ( -2.087422096327619769, -0.2471642407572694489, 4.451660111647788298 ) ) ;
#1363 = ORIENTED_EDGE ( 'NONE', *, *, #2974, .T. ) ;
#1364 = ADVANCED_FACE ( 'NONE', ( #2984 ), #2747, .F. ) ;
#1365 = DIRECTION ( 'NONE',  ( 0.000000000000000000, -1.000000000000000000, 0.000000000000000000 ) ) ;
#1366 = CARTESIAN_POINT ( 'NONE',  ( 0.7500000000000000000, -3.176000000000000156, -7.239000000000000767 ) ) ;
#1367 = ADVANCED_FACE ( 'NONE', ( #2287 ), #975, .T. ) ;
#1368 = B_SPLINE_CURVE_WITH_KNOTS ( 'NONE', 3,
 ( #1825, #2307, #208, #2557 ),
 .UNSPECIFIED., .F., .F.,
 ( 4, 4 ),
 ( 0.000000000000000000, 7.416136863469164372E-05 ),
 .UNSPECIFIED. ) ;
#1369 = VECTOR ( 'NONE', #2498, 1000.000000000000000 ) ;
#1370 = CARTESIAN_POINT ( 'NONE',  ( 2.040073290564214936, -0.4980973490458784347, 4.043577871373827293 ) ) ;
#1371 = CIRCLE ( 'NONE', #2949, 1.554966049364602254 ) ;
#1372 = DIRECTION ( 'NONE',  ( -1.000000000000000000, 0.000000000000000000, 0.000000000000000000 ) ) ;
#1373 = EDGE_CURVE ( 'NONE', #179, #2745, #2015, .T. ) ;
#1374 = CARTESIAN_POINT ( 'NONE',  ( -0.4000000000000010214, 2.061552812808830293, -11.78900000000000148 ) ) ;
#1375 = CIRCLE ( 'NONE', #56, 2.299999999999999822 ) ;
#1376 = ORIENTED_EDGE ( 'NONE', *, *, #1010, .T. ) ;
#1377 = ORIENTED_EDGE ( 'NONE', *, *, #1769, .F. ) ;
#1378 = AXIS2_PLACEMENT_3D ( 'NONE', #2515, #2296, #2718 ) ;
#1379 = CARTESIAN_POINT ( 'NONE',  ( 0.3999999999999975797, -2.061552812808828516, 5.438999999999999169 ) ) ;
#1380 = CARTESIAN_POINT ( 'NONE',  ( 2.042738247543235630, -0.4871823992597863473, -4.168336318310860378 ) ) ;
#1381 = ORIENTED_EDGE ( 'NONE', *, *, #367, .F. ) ;
#1382 = CARTESIAN_POINT ( 'NONE',  ( 1.992835335027386190, -0.7411165453365337052, 0.8890000000000009006 ) ) ;
#1383 = ORIENTED_EDGE ( 'NONE', *, *, #1687, .T. ) ;
#1384 = DIRECTION ( 'NONE',  ( 0.000000000000000000, -1.665334536937735304E-16, 1.000000000000000000 ) ) ;
#1385 = CARTESIAN_POINT ( 'NONE',  ( 1.678266289604371853, 1.750926158423977030, -0.8890000000000009006 ) ) ;
#1386 = FACE_OUTER_BOUND ( 'NONE', #1960, .T. ) ;
#1387 = CARTESIAN_POINT ( 'NONE',  ( -2.087451327886900465, -0.2470002114573442986, -4.451835586025348235 ) ) ;
#1388 = B_SPLINE_CURVE_WITH_KNOTS ( 'NONE', 3,
 ( #2656, #330, #2672, #2205, #2642, #1938 ),
 .UNSPECIFIED., .F., .F.,
 ( 4, 2, 4 ),
 ( 0.000000000000000000, 0.0004757428370953027696, 0.0009514856741906048887 ),
 .UNSPECIFIED. ) ;
#1389 = CARTESIAN_POINT ( 'NONE',  ( 0.3999999999999975797, -1.502637486114524634, 6.139000000000005564 ) ) ;
#1390 = ADVANCED_FACE ( 'NONE', ( #212 ), #2547, .F. ) ;
#1391 = ORIENTED_EDGE ( 'NONE', *, *, #2569, .F. ) ;
#1392 = ORIENTED_EDGE ( 'NONE', *, *, #1594, .F. ) ;
#1393 = DIRECTION ( 'NONE',  ( 1.000000000000000000, 0.000000000000000000, 0.000000000000000000 ) ) ;
#1394 = DIRECTION ( 'NONE',  ( 1.000000000000000000, 0.000000000000000000, 0.000000000000000000 ) ) ;
#1395 = ORIENTED_EDGE ( 'NONE', *, *, #2088, .F. ) ;
#1396 = CARTESIAN_POINT ( 'NONE',  ( 2.299999999999999822, 0.000000000000000000, -11.87307225861763804 ) ) ;
#1397 = ORIENTED_EDGE ( 'NONE', *, *, #1107, .F. ) ;
#1398 = CARTESIAN_POINT ( 'NONE',  ( 0.000000000000000000, 0.000000000000000000, -11.87307225861763804 ) ) ;
#1399 = LINE ( 'NONE', #1602, #536 ) ;
#1400 = DIRECTION ( 'NONE',  ( -0.000000000000000000, -1.665334536937735304E-16, 1.000000000000000000 ) ) ;
#1401 = CARTESIAN_POINT ( 'NONE',  ( -0.2470723783330718848, 2.087434397081523674, -9.237282604411545250 ) ) ;
#1402 = CARTESIAN_POINT ( 'NONE',  ( 1.987872689445041363, 0.7576226522480974390, -0.8890000000000009006 ) ) ;
#1403 = ORIENTED_EDGE ( 'NONE', *, *, #621, .T. ) ;
#1404 = EDGE_CURVE ( 'NONE', #1983, #849, #1909, .T. ) ;
#1405 = EDGE_CURVE ( 'NONE', #1681, #429, #3019, .T. ) ;
#1406 = B_SPLINE_CURVE_WITH_KNOTS ( 'NONE', 3,
 ( #1115, #1795, #921, #1148 ),
 .UNSPECIFIED., .F., .F.,
 ( 4, 4 ),
 ( 0.003029541235337096343, 0.003249628748158704759 ),
 .UNSPECIFIED. ) ;
#1407 = VERTEX_POINT ( 'NONE', #1615 ) ;
#1408 = CARTESIAN_POINT ( 'NONE',  ( -1.952124248775017668, -0.7740871510008234813, -0.8890000000000009006 ) ) ;
#1409 = PERSON_AND_ORGANIZATION_ROLE ( 'creator' ) ;
#1410 = EDGE_CURVE ( 'NONE', #1206, #1172, #2563, .T. ) ;
#1411 = VERTEX_POINT ( 'NONE', #2404 ) ;
#1412 = CARTESIAN_POINT ( 'NONE',  ( 0.1236690215010814026, -2.099990463092004767, 2.839040055015575437 ) ) ;
#1413 = MANIFOLD_SOLID_BREP ( '228-2500-061', #1872 ) ;
#1414 = ORIENTED_EDGE ( 'NONE', *, *, #1928, .F. ) ;
#1415 = CARTESIAN_POINT ( 'NONE',  ( -2.500000000000000000, 2.899999999999999911, -5.460999999999999410 ) ) ;
#1416 = FACE_OUTER_BOUND ( 'NONE', #1182, .T. ) ;
#1417 = CARTESIAN_POINT ( 'NONE',  ( 1.952124248775013893, -0.7740871510008295875, 0.8890000000000009006 ) ) ;
#1418 = CARTESIAN_POINT ( 'NONE',  ( -0.7499999999999996669, -2.899999999999999911, -7.239000000000000767 ) ) ;
#1419 = AXIS2_PLACEMENT_3D ( 'NONE', #2715, #1538, #2483 ) ;
#1420 = DIRECTION ( 'NONE',  ( 1.000000000000000000, 0.000000000000000000, 0.000000000000000000 ) ) ;
#1421 = B_SPLINE_CURVE_WITH_KNOTS ( 'NONE', 3,
 ( #2964, #1560, #1790, #1374 ),
 .UNSPECIFIED., .F., .F.,
 ( 4, 4 ),
 ( 0.003029541235337106318, 0.003249628748158705626 ),
 .UNSPECIFIED. ) ;
#1422 = ORIENTED_EDGE ( 'NONE', *, *, #1993, .T. ) ;
#1423 = CIRCLE ( 'NONE', #106, 2.299999999999999822 ) ;
#1424 = ORIENTED_EDGE ( 'NONE', *, *, #1685, .F. ) ;
#1425 = EDGE_CURVE ( 'NONE', #1113, #1206, #2847, .T. ) ;
#1426 = CIRCLE ( 'NONE', #1815, 1.554966049364602254 ) ;
#1427 = CARTESIAN_POINT ( 'NONE',  ( 0.6374886610082068916, 0.4241611831257787735, 4.888672114906271737 ) ) ;
#1428 = CONICAL_SURFACE ( 'NONE', #114, 2.299999999999999822, 0.3141592653589766471 ) ;
#1429 = DIRECTION ( 'NONE',  ( 0.000000000000000000, -1.000000000000000000, 0.000000000000000000 ) ) ;
#1430 = VECTOR ( 'NONE', #2044, 1000.000000000000000 ) ;
#1431 = ORIENTED_EDGE ( 'NONE', *, *, #1819, .T. ) ;
#1432 = EDGE_CURVE ( 'NONE', #961, #2717, #27, .T. ) ;
#1433 = DIRECTION ( 'NONE',  ( 1.000000000000000000, 0.000000000000000000, 0.000000000000000000 ) ) ;
#1434 = FACE_OUTER_BOUND ( 'NONE', #1842, .T. ) ;
#1435 = VERTEX_POINT ( 'NONE', #296 ) ;
#1436 = CARTESIAN_POINT ( 'NONE',  ( 0.4000000000000010214, -2.232710535457612888, -11.97076274578120803 ) ) ;
#1437 = DIRECTION ( 'NONE',  ( 0.000000000000000000, 0.000000000000000000, -1.000000000000000000 ) ) ;
#1438 = CIRCLE ( 'NONE', #1189, 2.100000000000000089 ) ;
#1439 = LINE ( 'NONE', #1847, #2121 ) ;
#1440 = ORIENTED_EDGE ( 'NONE', *, *, #516, .T. ) ;
#1441 = ORIENTED_EDGE ( 'NONE', *, *, #1954, .F. ) ;
#1442 =( NAMED_UNIT ( * ) SI_UNIT ( $, .STERADIAN. ) SOLID_ANGLE_UNIT ( ) );
#1443 = ORIENTED_EDGE ( 'NONE', *, *, #2068, .T. ) ;
#1444 = CYLINDRICAL_SURFACE ( 'NONE', #441, 0.5000000000000047740 ) ;
#1445 = ADVANCED_FACE ( 'NONE', ( #2876 ), #37, .F. ) ;
#1446 = CARTESIAN_POINT ( 'NONE',  ( 0.000000000000000000, 0.000000000000000000, -11.87307225861763804 ) ) ;
#1447 = ORIENTED_EDGE ( 'NONE', *, *, #1249, .F. ) ;
#1448 = EDGE_CURVE ( 'NONE', #2574, #1474, #1714, .T. ) ;
#1449 = DIRECTION ( 'NONE',  ( 1.000000000000000000, -0.000000000000000000, -0.000000000000000000 ) ) ;
#1450 = B_SPLINE_CURVE_WITH_KNOTS ( 'NONE', 3,
 ( #743, #1215, #1481, #1937 ),
 .UNSPECIFIED., .F., .F.,
 ( 4, 4 ),
 ( 0.002832913685900423102, 0.002935786532568637319 ),
 .UNSPECIFIED. ) ;
#1451 = CARTESIAN_POINT ( 'NONE',  ( -0.7499999999999982236, 1.961504524593304710, 8.091256121069156038 ) ) ;
#1452 = ADVANCED_FACE ( 'NONE', ( #2649 ), #54, .T. ) ;
#1453 = CARTESIAN_POINT ( 'NONE',  ( -0.3999999999999975797, -2.061552812808828516, 5.139000000000004675 ) ) ;
#1454 = ORIENTED_EDGE ( 'NONE', *, *, #1652, .F. ) ;
#1455 = ORIENTED_EDGE ( 'NONE', *, *, #609, .F. ) ;
#1456 = LINE ( 'NONE', #1870, #2905 ) ;
#1457 = ORIENTED_EDGE ( 'NONE', *, *, #1854, .T. ) ;
#1458 = CARTESIAN_POINT ( 'NONE',  ( 0.000000000000000000, 1.057487430955461841E-15, -5.460999999999999410 ) ) ;
#1459 = DIRECTION ( 'NONE',  ( 0.000000000000000000, -1.665334536937735304E-16, 1.000000000000000000 ) ) ;
#1460 = VERTEX_POINT ( 'NONE', #2626 ) ;
#1461 = PLANE ( 'NONE',  #1577 ) ;
#1462 = EDGE_CURVE ( 'NONE', #9, #1562, #1122, .T. ) ;
#1463 = EDGE_CURVE ( 'NONE', #189, #2430, #738, .T. ) ;
#1464 = DIRECTION ( 'NONE',  ( -0.000000000000000000, -1.665334536937735304E-16, 1.000000000000000000 ) ) ;
#1465 = DIRECTION ( 'NONE',  ( 0.000000000000000000, 1.000000000000000000, 0.000000000000000000 ) ) ;
#1466 = VERTEX_POINT ( 'NONE', #2344 ) ;
#1467 = EDGE_CURVE ( 'NONE', #1614, #2990, #933, .T. ) ;
#1468 = AXIS2_PLACEMENT_3D ( 'NONE', #2794, #12, #408 ) ;
#1469 = VERTEX_POINT ( 'NONE', #2108 ) ;
#1470 = LINE ( 'NONE', #1713, #2266 ) ;
#1471 = VECTOR ( 'NONE', #165, 1000.000000000000000 ) ;
#1472 = APPROVAL_STATUS ( 'not_yet_approved' ) ;
#1473 = CARTESIAN_POINT ( 'NONE',  ( 1.982800871145367960, 0.7740871510008296985, 0.8890000000000009006 ) ) ;
#1474 = VERTEX_POINT ( 'NONE', #1225 ) ;
#1475 = DIRECTION ( 'NONE',  ( 1.000000000000000000, -0.000000000000000000, -0.000000000000000000 ) ) ;
#1476 = CARTESIAN_POINT ( 'NONE',  ( -1.292526595471056527, -2.899999999999999911, -5.460999999999999410 ) ) ;
#1477 = AXIS2_PLACEMENT_3D ( 'NONE', #613, #550, #1548 ) ;
#1478 = VERTEX_POINT ( 'NONE', #1877 ) ;
#1479 = DIRECTION ( 'NONE',  ( 0.000000000000000000, 1.000000000000000000, 0.000000000000000000 ) ) ;
#1480 = CIRCLE ( 'NONE', #2318, 2.100000000000000089 ) ;
#1481 = CARTESIAN_POINT ( 'NONE',  ( -0.3999999999999975797, 2.243459280444428217, 5.588199955838126343 ) ) ;
#1482 = DIRECTION ( 'NONE',  ( 0.000000000000000000, 1.665334536937735304E-16, -1.000000000000000000 ) ) ;
#1483 = ORIENTED_EDGE ( 'NONE', *, *, #735, .T. ) ;
#1484 = AXIS2_PLACEMENT_3D ( 'NONE', #3003, #838, #1831 ) ;
#1485 = CARTESIAN_POINT ( 'NONE',  ( 0.000000000000000000, 0.000000000000000000, 5.438999999999999169 ) ) ;
#1486 = EDGE_CURVE ( 'NONE', #484, #564, #2899, .T. ) ;
#1487 = ORIENTED_EDGE ( 'NONE', *, *, #2970, .F. ) ;
#1488 = CARTESIAN_POINT ( 'NONE',  ( 0.5524637716922236041, -2.026799369905325054, 3.916833182988001205 ) ) ;
#1489 = CARTESIAN_POINT ( 'NONE',  ( 0.000000000000000000, 0.000000000000000000, 5.620762745781215486 ) ) ;
#1490 = ORIENTED_EDGE ( 'NONE', *, *, #1910, .T. ) ;
#1491 = DIRECTION ( 'NONE',  ( -3.343858152016816980E-15, 0.000000000000000000, 1.000000000000000000 ) ) ;
#1492 = DIRECTION ( 'NONE',  ( -9.901389703063967462E-17, 0.000000000000000000, -1.000000000000000000 ) ) ;
#1493 = VERTEX_POINT ( 'NONE', #11 ) ;
#1494 = DIRECTION ( 'NONE',  ( -0.000000000000000000, 1.000000000000000000, -0.000000000000000000 ) ) ;
#1495 = CARTESIAN_POINT ( 'NONE',  ( -0.4980973490458714958, -2.040073290564207831, -9.645422128626172764 ) ) ;
#1496 = CARTESIAN_POINT ( 'NONE',  ( 0.7499999999999985567, -1.961504524593303822, -11.78900000000000148 ) ) ;
#1497 = CARTESIAN_POINT ( 'NONE',  ( 1.982800871145367960, 0.7740871510008296985, 0.8890000000000009006 ) ) ;
#1498 = ORIENTED_EDGE ( 'NONE', *, *, #178, .F. ) ;
#1499 = B_SPLINE_CURVE_WITH_KNOTS ( 'NONE', 3,
 ( #284, #1227, #1214, #2157 ),
 .UNSPECIFIED., .F., .F.,
 ( 4, 4 ),
 ( 1.508232488654664397E-18, 0.0008183533482997103247 ),
 .UNSPECIFIED. ) ;
#1500 = CARTESIAN_POINT ( 'NONE',  ( 0.4000000000000010214, -2.061552812808830293, -11.78900000000000148 ) ) ;
#1501 = ORIENTED_EDGE ( 'NONE', *, *, #2621, .T. ) ;
#1502 = ADVANCED_FACE ( 'NONE', ( #940 ), #1646, .F. ) ;
#1503 = LINE ( 'NONE', #1995, #1325 ) ;
#1504 = ORIENTED_EDGE ( 'NONE', *, *, #942, .F. ) ;
#1505 = EDGE_CURVE ( 'NONE', #313, #2213, #479, .T. ) ;
#1506 = DIRECTION ( 'NONE',  ( 1.000000000000000000, -0.000000000000000000, -0.000000000000000000 ) ) ;
#1507 = FACE_OUTER_BOUND ( 'NONE', #2320, .T. ) ;
#1508 = ORIENTED_EDGE ( 'NONE', *, *, #2695, .F. ) ;
#1509 = CYLINDRICAL_SURFACE ( 'NONE', #1190, 0.5000000000000000000 ) ;
#1510 = DIRECTION ( 'NONE',  ( -2.970416910919190115E-16, 0.000000000000000000, -1.000000000000000000 ) ) ;
#1511 = DIRECTION ( 'NONE',  ( 0.000000000000000000, -1.000000000000000000, 0.000000000000000000 ) ) ;
#1512 = DIRECTION ( 'NONE',  ( 0.000000000000000000, -0.000000000000000000, 1.000000000000000000 ) ) ;
#1513 = ORIENTED_EDGE ( 'NONE', *, *, #2068, .F. ) ;
#1514 = ORIENTED_EDGE ( 'NONE', *, *, #2474, .T. ) ;
#1515 = FACE_OUTER_BOUND ( 'NONE', #2870, .T. ) ;
#1516 = B_SPLINE_CURVE_WITH_KNOTS ( 'NONE', 3,
 ( #2087, #631, #1089, #2057, #1380, #402 ),
 .UNSPECIFIED., .F., .F.,
 ( 4, 2, 4 ),
 ( 0.0007409915739094889231, 0.001111325355975630947, 0.001481659138041773079 ),
 .UNSPECIFIED. ) ;
#1517 = VECTOR ( 'NONE', #99, 1000.000000000000114 ) ;
#1518 = EDGE_CURVE ( 'NONE', #2387, #1165, #1933, .T. ) ;
#1519 = ORIENTED_EDGE ( 'NONE', *, *, #795, .F. ) ;
#1520 = AXIS2_PLACEMENT_3D ( 'NONE', #1398, #722, #281 ) ;
#1521 = CARTESIAN_POINT ( 'NONE',  ( 0.7499999999999998890, 1.961504524593302490, -7.445000000000000284 ) ) ;
#1522 = CARTESIAN_POINT ( 'NONE',  ( -2.500000000000000000, -2.899999999999999911, -5.460999999999999410 ) ) ;
#1523 = ORIENTED_EDGE ( 'NONE', *, *, #1861, .F. ) ;
#1524 = AXIS2_PLACEMENT_3D ( 'NONE', #1155, #843, #2113 ) ;
#1525 = CARTESIAN_POINT ( 'NONE',  ( -0.3999999999999975797, -2.232710535457607559, 5.620762745781215486 ) ) ;
#1526 = ADVANCED_FACE ( 'NONE', ( #2378 ), #1444, .F. ) ;
#1527 = CARTESIAN_POINT ( 'NONE',  ( -0.7499999999999996669, 3.176000000000002377, -7.445000000000000284 ) ) ;
#1528 = CARTESIAN_POINT ( 'NONE',  ( 0.000000000000000000, 0.000000000000000000, 0.000000000000000000 ) ) ;
#1529 = CARTESIAN_POINT ( 'NONE',  ( 0.7500000000000005551, 3.176000000000002377, -5.254999999999999893 ) ) ;
#1530 = CIRCLE ( 'NONE', #887, 1.554966049364602254 ) ;
#1531 = EDGE_LOOP ( 'NONE', ( #1941, #901, #478, #2657 ) ) ;
#1532 = CARTESIAN_POINT ( 'NONE',  ( 2.100000000000000089, 2.571758278209441957E-16, 5.438999999999999169 ) ) ;
#1533 = ORIENTED_EDGE ( 'NONE', *, *, #2659, .T. ) ;
#1534 = AXIS2_PLACEMENT_3D ( 'NONE', #1840, #446, #763 ) ;
#1535 = CARTESIAN_POINT ( 'NONE',  ( 0.000000000000000000, 0.000000000000000000, -11.87307225861763804 ) ) ;
#1536 = ORIENTED_EDGE ( 'NONE', *, *, #1311, .F. ) ;
#1537 = CARTESIAN_POINT ( 'NONE',  ( 1.982800871146050525, 0.7740871510008278111, -0.8890000000000000124 ) ) ;
#1538 = DIRECTION ( 'NONE',  ( 0.000000000000000000, 1.665334536937735304E-16, -1.000000000000000000 ) ) ;
#1539 = ORIENTED_EDGE ( 'NONE', *, *, #2840, .F. ) ;
#1540 = FACE_OUTER_BOUND ( 'NONE', #109, .T. ) ;
#1541 = LINE ( 'NONE', #819, #2570 ) ;
#1542 = DIRECTION ( 'NONE',  ( -1.000000000000000000, 0.000000000000000000, 0.000000000000000000 ) ) ;
#1543 = EDGE_CURVE ( 'NONE', #2618, #395, #2209, .T. ) ;
#1544 = DIRECTION ( 'NONE',  ( 4.946737870857628060E-32, 1.000000000000000000, 1.665334536937735304E-16 ) ) ;
#1545 =( BOUNDED_CURVE ( )  B_SPLINE_CURVE ( 3, ( #821, #346, #758, #1260 ),
 .UNSPECIFIED., .F., .F. ) 
 B_SPLINE_CURVE_WITH_KNOTS ( ( 4, 4 ),
 ( 4.951860452279333025, 5.089905415584187409 ),
 .UNSPECIFIED. ) 
 CURVE ( )  GEOMETRIC_REPRESENTATION_ITEM ( )  RATIONAL_B_SPLINE_CURVE ( ( 1.000000000000000000, 0.9984125960386560639, 0.9984125960386560639, 1.000000000000000000 ) ) 
 REPRESENTATION_ITEM ( '' )  );
#1546 = ORIENTED_EDGE ( 'NONE', *, *, #1107, .T. ) ;
#1547 = EDGE_CURVE ( 'NONE', #981, #1002, #2248, .T. ) ;
#1548 = DIRECTION ( 'NONE',  ( -1.000000000000000000, 0.000000000000000000, 0.000000000000000000 ) ) ;
#1549 = VERTEX_POINT ( 'NONE', #2892 ) ;
#1550 = ORIENTED_EDGE ( 'NONE', *, *, #2838, .T. ) ;
#1551 = CARTESIAN_POINT ( 'NONE',  ( 0.000000000000000000, 0.000000000000000000, -11.78900000000000148 ) ) ;
#1552 = CARTESIAN_POINT ( 'NONE',  ( 0.4980973490458784347, -3.174999999999997158, 3.295422128626185554 ) ) ;
#1553 = ORIENTED_EDGE ( 'NONE', *, *, #42, .T. ) ;
#1554 = CARTESIAN_POINT ( 'NONE',  ( 0.4980973490458784347, 2.040073290564201169, 3.295422128626185554 ) ) ;
#1555 = DIRECTION ( 'NONE',  ( -1.000000000000000000, 0.000000000000000000, 0.000000000000000000 ) ) ;
#1556 = CARTESIAN_POINT ( 'NONE',  ( -0.3999999999999975797, -2.061552812808828516, 5.438999999999999169 ) ) ;
#1557 = B_SPLINE_CURVE_WITH_KNOTS ( 'NONE', 3,
 ( #847, #1967, #2467, #1288, #2234, #166 ),
 .UNSPECIFIED., .F., .F.,
 ( 4, 2, 4 ),
 ( 1.939479807224432123E-18, 0.0004757001404452634538, 0.0009514002808905249560 ),
 .UNSPECIFIED. ) ;
#1558 = DIRECTION ( 'NONE',  ( -1.000000000000000000, 0.000000000000000000, 2.970416910919190115E-16 ) ) ;
#1559 = EDGE_CURVE ( 'NONE', #511, #1407, #2233, .T. ) ;
#1560 = CARTESIAN_POINT ( 'NONE',  ( -0.4000000000000011324, 2.197165962000668493, -11.84501255233153749 ) ) ;
#1561 = EDGE_CURVE ( 'NONE', #2400, #677, #2696, .T. ) ;
#1562 = VERTEX_POINT ( 'NONE', #802 ) ;
#1563 = EDGE_LOOP ( 'NONE', ( #2540, #1075, #2116, #1709, #2403, #1045, #2477, #1523 ) ) ;
#1564 = CARTESIAN_POINT ( 'NONE',  ( -0.4980973490458784347, -3.174999999999997158, 3.295422128626185554 ) ) ;
#1565 = VECTOR ( 'NONE', #1830, 1000.000000000000000 ) ;
#1566 = CARTESIAN_POINT ( 'NONE',  ( -0.6593895131183289404, -1.993791731849034576, -11.48899999999999899 ) ) ;
#1567 = VERTEX_POINT ( 'NONE', #830 ) ;
#1568 = DIRECTION ( 'NONE',  ( 1.000000000000000000, 0.000000000000000000, 0.000000000000000000 ) ) ;
#1569 = AXIS2_PLACEMENT_3D ( 'NONE', #910, #1570, #170 ) ;
#1570 = DIRECTION ( 'NONE',  ( 0.000000000000000000, 0.000000000000000000, 1.000000000000000000 ) ) ;
#1571 = CARTESIAN_POINT ( 'NONE',  ( 2.100000000000000089, -3.788636071533348272E-16, -11.78900000000000148 ) ) ;
#1572 = AXIS2_PLACEMENT_3D ( 'NONE', #1017, #1760, #799 ) ;
#1573 = DIRECTION ( 'NONE',  ( -1.000000000000000000, 0.000000000000000000, 0.000000000000000000 ) ) ;
#1574 = CIRCLE ( 'NONE', #2365, 2.100000000000000089 ) ;
#1575 = EDGE_CURVE ( 'NONE', #223, #2395, #1764, .T. ) ;
#1576 = DIRECTION ( 'NONE',  ( -1.000000000000000000, 0.000000000000000000, 0.000000000000000000 ) ) ;
#1577 = AXIS2_PLACEMENT_3D ( 'NONE', #2407, #1970, #1722 ) ;
#1578 = VERTEX_POINT ( 'NONE', #2680 ) ;
#1579 = EDGE_CURVE ( 'NONE', #1549, #2303, #2420, .T. ) ;
#1580 = ORIENTED_EDGE ( 'NONE', *, *, #2641, .T. ) ;
#1581 = CARTESIAN_POINT ( 'NONE',  ( 0.000000000000000000, 0.000000000000000000, 5.389000000000004675 ) ) ;
#1582 = CARTESIAN_POINT ( 'NONE',  ( -1.952124248775013893, -0.7740871510008295875, 0.8890000000000009006 ) ) ;
#1583 = VECTOR ( 'NONE', #198, 1000.000000000000000 ) ;
#1584 = VECTOR ( 'NONE', #236, 1000.000000000000000 ) ;
#1585 = ORIENTED_EDGE ( 'NONE', *, *, #2785, .F. ) ;
#1586 = CARTESIAN_POINT ( 'NONE',  ( 3.175999999999998380, -0.7740871510008295875, 0.8890000000000009006 ) ) ;
#1587 = CARTESIAN_POINT ( 'NONE',  ( -2.500000000000000000, 2.899999999999999911, -12.53545247797180728 ) ) ;
#1588 = CARTESIAN_POINT ( 'NONE',  ( 3.176025000000002763, -0.8453832043415095976, -0.07408238133552169646 ) ) ;
#1589 = LINE ( 'NONE', #156, #1180 ) ;
#1590 = ORIENTED_EDGE ( 'NONE', *, *, #397, .T. ) ;
#1591 = PRODUCT_DEFINITION ( 'UNKNOWN', '', #216, #2096 ) ;
#1592 = EDGE_CURVE ( 'NONE', #2370, #2946, #2278, .T. ) ;
#1593 = ORIENTED_EDGE ( 'NONE', *, *, #2164, .F. ) ;
#1594 = EDGE_CURVE ( 'NONE', #211, #1113, #846, .T. ) ;
#1595 = CARTESIAN_POINT ( 'NONE',  ( -2.017135129506591795, 0.5920459111049599654, 2.969740893269237514 ) ) ;
#1596 = PLANE ( 'NONE',  #342 ) ;
#1597 = ORIENTED_EDGE ( 'NONE', *, *, #2880, .T. ) ;
#1598 = CARTESIAN_POINT ( 'NONE',  ( -1.992835335027386190, -0.7411165453365340383, -0.8890000000000009006 ) ) ;
#1599 = ORIENTED_EDGE ( 'NONE', *, *, #1253, .F. ) ;
#1600 = EDGE_CURVE ( 'NONE', #1134, #1435, #2413, .T. ) ;
#1601 = CARTESIAN_POINT ( 'NONE',  ( -2.500000000000000000, 2.899999999999999911, -12.53545247797180728 ) ) ;
#1602 = CARTESIAN_POINT ( 'NONE',  ( -3.174999999999999822, 0.000000000000000000, -6.349999999999999645 ) ) ;
#1603 = CARTESIAN_POINT ( 'NONE',  ( -2.100000000000000089, 0.1235328774832255699, 4.500000000000003553 ) ) ;
#1604 = PLANE ( 'NONE',  #1962 ) ;
#1605 = DIRECTION ( 'NONE',  ( 0.000000000000000000, 1.000000000000000000, 0.000000000000000000 ) ) ;
#1606 = B_SPLINE_CURVE_WITH_KNOTS ( 'NONE', 3,
 ( #864, #1829, #2035, #195 ),
 .UNSPECIFIED., .F., .F.,
 ( 4, 4 ),
 ( 0.000000000000000000, 7.416136863470396297E-05 ),
 .UNSPECIFIED. ) ;
#1607 = VERTEX_POINT ( 'NONE', #85 ) ;
#1608 = ORIENTED_EDGE ( 'NONE', *, *, #1463, .F. ) ;
#1609 = FACE_OUTER_BOUND ( 'NONE', #2032, .T. ) ;
#1610 = DIRECTION ( 'NONE',  ( 0.000000000000000000, -0.08715574274765683360, 0.9961946980917456562 ) ) ;
#1611 = ORIENTED_EDGE ( 'NONE', *, *, #1652, .T. ) ;
#1612 = EDGE_CURVE ( 'NONE', #94, #19, #2482, .T. ) ;
#1613 = CARTESIAN_POINT ( 'NONE',  ( 2.042739449473828461, -0.4871774764741367836, 4.168392586008340395 ) ) ;
#1614 = VERTEX_POINT ( 'NONE', #1301 ) ;
#1615 = CARTESIAN_POINT ( 'NONE',  ( -0.7499999999999994449, -1.000000000000000000, -5.254999999999999893 ) ) ;
#1616 = CARTESIAN_POINT ( 'NONE',  ( -0.4000000000000010214, -2.232710535457612888, -11.97076274578120625 ) ) ;
#1617 = EDGE_CURVE ( 'NONE', #2072, #19, #1423, .T. ) ;
#1618 = AXIS2_PLACEMENT_3D ( 'NONE', #2927, #1060, #1492 ) ;
#1619 = CARTESIAN_POINT ( 'NONE',  ( -2.042739449473828461, 0.4871774764741367836, 4.168392586008341283 ) ) ;
#1620 = VECTOR ( 'NONE', #1805, 1000.000000000000227 ) ;
#1621 = CARTESIAN_POINT ( 'NONE',  ( 0.6593895131183358238, -3.174999999999997158, 5.139000000000004675 ) ) ;
#1622 = CARTESIAN_POINT ( 'NONE',  ( -0.7499999999999996669, -1.000000000000000000, -7.445000000000000284 ) ) ;
#1623 = CONICAL_SURFACE ( 'NONE', #301, 2.299999999999999822, 0.3141592653589766471 ) ;
#1624 = ORIENTED_EDGE ( 'NONE', *, *, #107, .F. ) ;
#1625 = CIRCLE ( 'NONE', #2368, 3.175000000000001155 ) ;
#1626 = ORIENTED_EDGE ( 'NONE', *, *, #2469, .F. ) ;
#1627 = CARTESIAN_POINT ( 'NONE',  ( -0.6593895131183289404, 1.993791731849034576, -11.48899999999999899 ) ) ;
#1628 = ORIENTED_EDGE ( 'NONE', *, *, #609, .T. ) ;
#1629 = CARTESIAN_POINT ( 'NONE',  ( 0.4871798639138890108, -2.042738866564667521, 3.170634702552908024 ) ) ;
#1630 = DIRECTION ( 'NONE',  ( 1.000000000000000000, 0.000000000000000000, 0.000000000000000000 ) ) ;
#1631 = FACE_OUTER_BOUND ( 'NONE', #817, .T. ) ;
#1632 = DIRECTION ( 'NONE',  ( -1.000000000000000000, 0.000000000000000000, 0.000000000000000000 ) ) ;
#1633 = ADVANCED_FACE ( 'NONE', ( #2955 ), #2311, .T. ) ;
#1634 = EDGE_CURVE ( 'NONE', #2043, #511, #204, .T. ) ;
#1635 = CARTESIAN_POINT ( 'NONE',  ( 0.3999999999999975797, -2.264950330581230631, 5.523072258617645502 ) ) ;
#1636 = CARTESIAN_POINT ( 'NONE',  ( -0.7499999999999994449, 3.176000000000002377, -5.254999999999999893 ) ) ;
#1637 = ORIENTED_EDGE ( 'NONE', *, *, #1882, .F. ) ;
#1638 = EDGE_CURVE ( 'NONE', #83, #1478, #97, .T. ) ;
#1639 = ORIENTED_EDGE ( 'NONE', *, *, #2602, .T. ) ;
#1640 =( BOUNDED_SURFACE ( )  B_SPLINE_SURFACE ( 3, 1, ( 
 ( #1598, #210 ),
 ( #3017, #1874 ),
 ( #2790, #675 ),
 ( #2819, #1382 ) ),
 .UNSPECIFIED., .F., .F., .F. ) 
 B_SPLINE_SURFACE_WITH_KNOTS ( ( 4, 4 ),
 ( 2, 2 ),
 ( 0.000000000000000000, 1.000000000000000000 ),
 ( 0.000000000000000000, 1.000000000000000000 ),
 .UNSPECIFIED. ) 
 GEOMETRIC_REPRESENTATION_ITEM ( )  RATIONAL_B_SPLINE_SURFACE ( (
 ( 1.000000000000000000, 1.000000000000000000),
 ( 0.5435791617975982426, 0.5435791617975982426),
 ( 0.5435791617975982426, 0.5435791617975982426),
 ( 1.000000000000000000, 1.000000000000000000) ) ) 
 REPRESENTATION_ITEM ( '' )  SURFACE ( )  );
#1641 = CARTESIAN_POINT ( 'NONE',  ( 0.4000000000000010214, -2.264950330581225746, -11.87307225861763804 ) ) ;
#1642 = CALENDAR_DATE ( 2022, 6, 6 ) ;
#1643 = ORIENTED_EDGE ( 'NONE', *, *, #510, .F. ) ;
#1644 = CARTESIAN_POINT ( 'NONE',  ( -0.3999999999999976352, -2.182266827280785026, 5.773579458367410489 ) ) ;
#1645 = ORIENTED_EDGE ( 'NONE', *, *, #1145, .F. ) ;
#1646 = PLANE ( 'NONE',  #733 ) ;
#1647 = CARTESIAN_POINT ( 'NONE',  ( -3.079190491453137390, 0.4980973490458784347, 4.043577871373827293 ) ) ;
#1648 = CARTESIAN_POINT ( 'NONE',  ( -0.4871800118523808565, 2.042738830444500664, -9.520636393497689198 ) ) ;
#1649 = CARTESIAN_POINT ( 'NONE',  ( 1.975391655736665530, -0.7978532881304642999, -0.6173518095736044708 ) ) ;
#1650 = ADVANCED_FACE ( 'NONE', ( #1043 ), #1965, .F. ) ;
#1651 = ORIENTED_EDGE ( 'NONE', *, *, #1088, .F. ) ;
#1652 = EDGE_CURVE ( 'NONE', #3010, #398, #2926, .T. ) ;
#1653 = ORIENTED_EDGE ( 'NONE', *, *, #1579, .F. ) ;
#1654 = CARTESIAN_POINT ( 'NONE',  ( 0.5635524950881043438, -0.4980973490458784347, 4.043577871373827293 ) ) ;
#1655 = DATE_AND_TIME ( #23, #2525 ) ;
#1656 = CARTESIAN_POINT ( 'NONE',  ( 2.300000000000020250, 0.000000000000000000, 5.523072258617645502 ) ) ;
#1657 = CARTESIAN_POINT ( 'NONE',  ( -0.2470723783330718848, -2.087434397081523230, 2.887282604411554487 ) ) ;
#1658 = CARTESIAN_POINT ( 'NONE',  ( -2.042738247543236962, 0.4871823992597872355, -4.168336318310860378 ) ) ;
#1659 = DIRECTION ( 'NONE',  ( -4.946737870857628060E-32, -1.000000000000000000, -1.665334536937735304E-16 ) ) ;
#1660 = CARTESIAN_POINT ( 'NONE',  ( 2.087422096327619769, 0.2471642407572703648, 4.451660111647788298 ) ) ;
#1661 = FACE_OUTER_BOUND ( 'NONE', #1344, .T. ) ;
#1662 = VECTOR ( 'NONE', #2031, 1000.000000000000000 ) ;
#1663 = CARTESIAN_POINT ( 'NONE',  ( 0.9308557843575822055, 2.350000000000000089, 0.8890000000000009006 ) ) ;
#1664 = EDGE_LOOP ( 'NONE', ( #2674, #692, #2938, #2172 ) ) ;
#1665 = AXIS2_PLACEMENT_3D ( 'NONE', #1183, #709, #2635 ) ;
#1666 = AXIS2_PLACEMENT_3D ( 'NONE', #974, #2119, #292 ) ;
#1667 = B_SPLINE_CURVE_WITH_KNOTS ( 'NONE', 3,
 ( #2924, #1942, #991, #1961 ),
 .UNSPECIFIED., .F., .F.,
 ( 4, 4 ),
 ( 0.007647354141962973799, 0.007869202712918556275 ),
 .UNSPECIFIED. ) ;
#1668 = ORIENTED_EDGE ( 'NONE', *, *, #2487, .F. ) ;
#1669 = EDGE_CURVE ( 'NONE', #1774, #189, #1862, .T. ) ;
#1670 = DIRECTION ( 'NONE',  ( -1.000000000000000000, 0.000000000000000000, 0.000000000000000000 ) ) ;
#1671 = CARTESIAN_POINT ( 'NONE',  ( -0.4241611831257784404, -0.6374886610082101113, 2.450327885093740221 ) ) ;
#1672 = AXIS2_PLACEMENT_3D ( 'NONE', #2315, #1479, #1677 ) ;
#1673 = ORIENTED_EDGE ( 'NONE', *, *, #2144, .F. ) ;
#1674 = DIRECTION ( 'NONE',  ( 2.168404344971008868E-16, -1.665334536937735304E-16, 1.000000000000000000 ) ) ;
#1675 = DIRECTION ( 'NONE',  ( 0.000000000000000000, 0.000000000000000000, 1.000000000000000000 ) ) ;
#1676 = ORIENTED_EDGE ( 'NONE', *, *, #1787, .F. ) ;
#1677 = DIRECTION ( 'NONE',  ( 0.000000000000000000, -0.000000000000000000, 1.000000000000000000 ) ) ;
#1678 = CARTESIAN_POINT ( 'NONE',  ( 1.959412432083025735, -0.8453832043415095976, -0.07408238133552169646 ) ) ;
#1679 = CIRCLE ( 'NONE', #1484, 2.299999999999999822 ) ;
#1680 = CARTESIAN_POINT ( 'NONE',  ( 0.7499999999999985567, -1.961504524593304710, -7.445000000000000284 ) ) ;
#1681 = VERTEX_POINT ( 'NONE', #1521 ) ;
#1682 = ORIENTED_EDGE ( 'NONE', *, *, #2183, .F. ) ;
#1683 = CARTESIAN_POINT ( 'NONE',  ( 0.4000000000000010214, -2.254205848354697395, -11.90563645010067262 ) ) ;
#1684 = PERSON_AND_ORGANIZATION ( #638, #3005 ) ;
#1685 = EDGE_CURVE ( 'NONE', #857, #379, #2465, .T. ) ;
#1686 = DIRECTION ( 'NONE',  ( 1.000000000000000000, 0.000000000000000000, 0.000000000000000000 ) ) ;
#1687 = EDGE_CURVE ( 'NONE', #520, #1033, #872, .T. ) ;
#1688 = ORIENTED_EDGE ( 'NONE', *, *, #378, .T. ) ;
#1689 = DIRECTION ( 'NONE',  ( 1.000000000000000000, 0.000000000000000000, 0.000000000000000000 ) ) ;
#1690 = CARTESIAN_POINT ( 'NONE',  ( 0.7500000000000005551, -1.000000000000000000, -5.254999999999999893 ) ) ;
#1691 = ORIENTED_EDGE ( 'NONE', *, *, #3024, .T. ) ;
#1692 = DIRECTION ( 'NONE',  ( 1.000000000000000000, 0.000000000000000000, 0.000000000000000000 ) ) ;
#1693 = EDGE_CURVE ( 'NONE', #1852, #687, #2263, .T. ) ;
#1694 = CYLINDRICAL_SURFACE ( 'NONE', #2808, 0.5000000000000000000 ) ;
#1695 = CARTESIAN_POINT ( 'NONE',  ( 1.987772171367460317, 0.6841887797112514713, -1.916543085772923982 ) ) ;
#1696 = ORIENTED_EDGE ( 'NONE', *, *, #2954, .F. ) ;
#1697 = ORIENTED_EDGE ( 'NONE', *, *, #3012, .T. ) ;
#1698 = DIRECTION ( 'NONE',  ( 0.9961946980917458783, -1.451434684901302735E-17, 0.08715574274765491847 ) ) ;
#1699 = CARTESIAN_POINT ( 'NONE',  ( 0.000000000000000000, 0.000000000000000000, 0.000000000000000000 ) ) ;
#1700 = DIRECTION ( 'NONE',  ( 1.000000000000000000, 0.000000000000000000, 0.000000000000000000 ) ) ;
#1701 = ORIENTED_EDGE ( 'NONE', *, *, #2586, .F. ) ;
#1702 = DIRECTION ( 'NONE',  ( 0.000000000000000000, 0.000000000000000000, 1.000000000000000000 ) ) ;
#1703 = DIRECTION ( 'NONE',  ( 0.000000000000000000, -1.000000000000000000, 0.000000000000000000 ) ) ;
#1704 = ORIENTED_EDGE ( 'NONE', *, *, #1801, .F. ) ;
#1705 = CARTESIAN_POINT ( 'NONE',  ( 0.4000000000000010214, -2.061552812808830293, -11.48899999999999899 ) ) ;
#1706 = LINE ( 'NONE', #1451, #2566 ) ;
#1707 = EDGE_CURVE ( 'NONE', #3010, #963, #2112, .T. ) ;
#1708 = DIRECTION ( 'NONE',  ( 1.000000000000000000, 0.000000000000000000, -0.000000000000000000 ) ) ;
#1709 = ORIENTED_EDGE ( 'NONE', *, *, #2316, .T. ) ;
#1710 = DIRECTION ( 'NONE',  ( 1.000000000000000000, 2.664535259100375697E-15, 0.000000000000000000 ) ) ;
#1711 = VECTOR ( 'NONE', #1316, 1000.000000000000000 ) ;
#1712 = VERTEX_POINT ( 'NONE', #2086 ) ;
#1713 = CARTESIAN_POINT ( 'NONE',  ( 0.6593895131183358238, -3.174999999999997158, 5.139000000000004675 ) ) ;
#1714 = CIRCLE ( 'NONE', #2511, 2.268258436585967708 ) ;
#1715 = VERTEX_POINT ( 'NONE', #1345 ) ;
#1716 = VECTOR ( 'NONE', #521, 1000.000000000000000 ) ;
#1717 = CARTESIAN_POINT ( 'NONE',  ( 0.3999999999999975797, -3.174999999999997158, 5.139000000000004675 ) ) ;
#1718 = AXIS2_PLACEMENT_3D ( 'NONE', #3008, #2976, #869 ) ;
#1719 = B_SPLINE_CURVE_WITH_KNOTS ( 'NONE', 3,
 ( #1497, #1278, #1050, #2176 ),
 .UNSPECIFIED., .F., .F.,
 ( 4, 4 ),
 ( 0.000000000000000000, 0.0008927638502348495160 ),
 .UNSPECIFIED. ) ;
#1720 = CARTESIAN_POINT ( 'NONE',  ( 0.4000000000000010214, 1.502637486114517751, -12.48900000000000077 ) ) ;
#1721 = ORIENTED_EDGE ( 'NONE', *, *, #2562, .T. ) ;
#1722 = DIRECTION ( 'NONE',  ( 1.000000000000000000, 0.000000000000000000, -0.000000000000000000 ) ) ;
#1723 = DIRECTION ( 'NONE',  ( -1.000000000000000000, 0.000000000000000000, 0.000000000000000000 ) ) ;
#1724 = CARTESIAN_POINT ( 'NONE',  ( 0.3999999999999975797, 2.061552812808828516, 5.438999999999999169 ) ) ;
#1725 = CARTESIAN_POINT ( 'NONE',  ( 0.9245164006357486919, 2.350000000000000089, 0.8890000000000007896 ) ) ;
#1726 = CIRCLE ( 'NONE', #406, 2.100000000000000089 ) ;
#1727 = EDGE_CURVE ( 'NONE', #1100, #1411, #59, .T. ) ;
#1728 = VERTEX_POINT ( 'NONE', #2030 ) ;
#1729 = PLANE ( 'NONE',  #16 ) ;
#1730 = ADVANCED_FACE ( 'NONE', ( #904 ), #2805, .T. ) ;
#1731 = ORIENTED_EDGE ( 'NONE', *, *, #1617, .T. ) ;
#1732 = CARTESIAN_POINT ( 'NONE',  ( 0.000000000000000000, 2.350000000000000533, 0.8890000000000009006 ) ) ;
#1733 = COORDINATED_UNIVERSAL_TIME_OFFSET ( 6, 0, .BEHIND. ) ;
#1734 = ORIENTED_EDGE ( 'NONE', *, *, #2286, .T. ) ;
#1735 = CARTESIAN_POINT ( 'NONE',  ( 0.4000000000000010214, 2.232710535457612888, -11.97076274578120803 ) ) ;
#1736 = ORIENTED_EDGE ( 'NONE', *, *, #2898, .T. ) ;
#1737 = CARTESIAN_POINT ( 'NONE',  ( -1.982800871145368848, 0.7740871510008278111, -0.8890000000000000124 ) ) ;
#1738 =( BOUNDED_CURVE ( )  B_SPLINE_CURVE ( 3, ( #2597, #1778, #2951, #482 ),
 .UNSPECIFIED., .F., .F. ) 
 B_SPLINE_CURVE_WITH_KNOTS ( ( 4, 4 ),
 ( 1.810267798689541907, 1.948312761994394737 ),
 .UNSPECIFIED. ) 
 CURVE ( )  GEOMETRIC_REPRESENTATION_ITEM ( )  RATIONAL_B_SPLINE_CURVE ( ( 1.000000000000000000, 0.9984125960386560639, 0.9984125960386560639, 1.000000000000000000 ) ) 
 REPRESENTATION_ITEM ( '' )  );
#1739 = CARTESIAN_POINT ( 'NONE',  ( 0.000000000000000000, 1.057487430955461841E-15, -5.460999999999999410 ) ) ;
#1740 = CARTESIAN_POINT ( 'NONE',  ( 0.4980973490458784347, 2.040073290564201169, 3.295422128626185554 ) ) ;
#1741 = CARTESIAN_POINT ( 'NONE',  ( 1.958295588161914180, -0.8486177109635264504, -7.807123344564344001E-17 ) ) ;
#1742 = ORIENTED_EDGE ( 'NONE', *, *, #1916, .T. ) ;
#1743 = FACE_OUTER_BOUND ( 'NONE', #569, .T. ) ;
#1744 = ORIENTED_EDGE ( 'NONE', *, *, #1010, .F. ) ;
#1745 = DIRECTION ( 'NONE',  ( 0.000000000000000000, -0.9961946980917455452, 0.08715574274765790219 ) ) ;
#1746 = SECURITY_CLASSIFICATION_LEVEL ( 'unclassified' ) ;
#1747 = EDGE_CURVE ( 'NONE', #886, #1578, #2293, .T. ) ;
#1748 = ORIENTED_EDGE ( 'NONE', *, *, #772, .F. ) ;
#1749 = CARTESIAN_POINT ( 'NONE',  ( -3.079190491453137390, -0.4980973490458784347, 4.043577871373827293 ) ) ;
#1750 = LINE ( 'NONE', #325, #1517 ) ;
#1751 = ORIENTED_EDGE ( 'NONE', *, *, #956, .T. ) ;
#1752 = B_SPLINE_CURVE_WITH_KNOTS ( 'NONE', 3,
 ( #393, #2273, #380, #656 ),
 .UNSPECIFIED., .F., .F.,
 ( 4, 4 ),
 ( 0.002832913685900422234, 0.002935786532568634716 ),
 .UNSPECIFIED. ) ;
#1753 = PLANE ( 'NONE',  #115 ) ;
#1754 = CARTESIAN_POINT ( 'NONE',  ( 0.7500000000000005551, -3.176000000000000600, -5.254999999999999893 ) ) ;
#1755 = DIRECTION ( 'NONE',  ( -1.000000000000000000, 0.000000000000000000, 0.000000000000000000 ) ) ;
#1756 = CARTESIAN_POINT ( 'NONE',  ( -0.4000000000000011324, -2.254205848354697395, -11.90563645010067262 ) ) ;
#1757 = ORIENTED_EDGE ( 'NONE', *, *, #2565, .F. ) ;
#1758 = DIRECTION ( 'NONE',  ( 0.000000000000000000, -0.000000000000000000, 1.000000000000000000 ) ) ;
#1759 = ORIENTED_EDGE ( 'NONE', *, *, #918, .F. ) ;
#1760 = DIRECTION ( 'NONE',  ( 0.000000000000000000, 0.000000000000000000, -1.000000000000000000 ) ) ;
#1761 = AXIS2_PLACEMENT_3D ( 'NONE', #52, #2421, #2627 ) ;
#1762 = VERTEX_POINT ( 'NONE', #2531 ) ;
#1763 = EDGE_CURVE ( 'NONE', #1681, #1113, #191, .T. ) ;
#1764 = LINE ( 'NONE', #1749, #592 ) ;
#1765 = CARTESIAN_POINT ( 'NONE',  ( -0.4000000000000010214, -3.174999999999999822, -11.48899999999999899 ) ) ;
#1766 = VERTEX_POINT ( 'NONE', #3027 ) ;
#1767 = VECTOR ( 'NONE', #3014, 1000.000000000000000 ) ;
#1768 = CARTESIAN_POINT ( 'NONE',  ( -0.4286119346557896725, 2.057850353472996385, 3.053605336466533426 ) ) ;
#1769 = EDGE_CURVE ( 'NONE', #514, #1762, #2595, .T. ) ;
#1770 = CARTESIAN_POINT ( 'NONE',  ( -0.6593895131183289404, -1.993791731849034576, -11.48899999999999899 ) ) ;
#1771 = DIRECTION ( 'NONE',  ( -1.000000000000000000, 0.000000000000000000, 0.000000000000000000 ) ) ;
#1772 = DIRECTION ( 'NONE',  ( -1.000000000000000000, 0.000000000000000000, 0.000000000000000000 ) ) ;
#1773 = AXIS2_PLACEMENT_3D ( 'NONE', #1243, #805, #2639 ) ;
#1774 = VERTEX_POINT ( 'NONE', #1132 ) ;
#1775 = CARTESIAN_POINT ( 'NONE',  ( 2.040073290564201169, 0.4980973490458784347, 4.043577871373827293 ) ) ;
#1776 = VERTEX_POINT ( 'NONE', #180 ) ;
#1777 = AXIS2_PLACEMENT_3D ( 'NONE', #2374, #2137, #1883 ) ;
#1778 = CARTESIAN_POINT ( 'NONE',  ( 2.017135129506590019, -0.5920459111049644063, -2.969740893269227744 ) ) ;
#1779 = ORIENTED_EDGE ( 'NONE', *, *, #1030, .F. ) ;
#1780 = CARTESIAN_POINT ( 'NONE',  ( 0.000000000000000000, 0.000000000000000000, 5.523072258617645502 ) ) ;
#1781 = CARTESIAN_POINT ( 'NONE',  ( -1.982800871145370181, -0.7740871510008234813, -0.8890000000000000124 ) ) ;
#1782 = ORIENTED_EDGE ( 'NONE', *, *, #2937, .T. ) ;
#1783 = EDGE_CURVE ( 'NONE', #261, #797, #2601, .T. ) ;
#1784 = DIRECTION ( 'NONE',  ( -1.000000000000000000, 0.000000000000000000, -0.000000000000000000 ) ) ;
#1785 = CARTESIAN_POINT ( 'NONE',  ( -0.3999999999999975797, -2.232710535457607559, 5.620762745781215486 ) ) ;
#1786 = LINE ( 'NONE', #2473, #2214 ) ;
#1787 = EDGE_CURVE ( 'NONE', #845, #2072, #2993, .T. ) ;
#1788 = CARTESIAN_POINT ( 'NONE',  ( -1.974718017464871522, -0.8000140809621063553, 0.5926538344925699198 ) ) ;
#1789 = ORIENTED_EDGE ( 'NONE', *, *, #218, .T. ) ;
#1790 = CARTESIAN_POINT ( 'NONE',  ( -0.4000000000000010769, 2.129368206736821811, -11.81698505588080472 ) ) ;
#1791 = ORIENTED_EDGE ( 'NONE', *, *, #1854, .F. ) ;
#1792 = B_SPLINE_CURVE_WITH_KNOTS ( 'NONE', 3,
 ( #2596, #1140, #1660, #2361, #697, #1893 ),
 .UNSPECIFIED., .F., .F.,
 ( 4, 2, 4 ),
 ( 0.0007409915739094874053, 0.001111325355975626610, 0.001481659138041765923 ),
 .UNSPECIFIED. ) ;
#1793 = ORIENTED_EDGE ( 'NONE', *, *, #712, .F. ) ;
#1794 = CARTESIAN_POINT ( 'NONE',  ( 0.3999999999999976907, 2.254205848354697839, 5.555636450100680079 ) ) ;
#1795 = CARTESIAN_POINT ( 'NONE',  ( -0.3999999999999975797, -2.197165962000673822, 5.495012552331537847 ) ) ;
#1796 = VERTEX_POINT ( 'NONE', #1359 ) ;
#1797 = DIRECTION ( 'NONE',  ( 0.000000000000000000, -1.665334536937735304E-16, 1.000000000000000000 ) ) ;
#1798 = CARTESIAN_POINT ( 'NONE',  ( 0.000000000000000000, 0.000000000000000000, 6.139000000000005564 ) ) ;
#1799 = CARTESIAN_POINT ( 'NONE',  ( -0.3999999999999975797, 2.264950330581230631, 5.523072258617645502 ) ) ;
#1800 = LINE ( 'NONE', #1096, #896 ) ;
#1801 = EDGE_CURVE ( 'NONE', #333, #1607, #2305, .T. ) ;
#1802 = LINE ( 'NONE', #201, #351 ) ;
#1803 = ORIENTED_EDGE ( 'NONE', *, *, #42, .F. ) ;
#1804 = VERTEX_POINT ( 'NONE', #617 ) ;
#1805 = DIRECTION ( 'NONE',  ( -0.9218631515885042926, 6.453430897203527891E-17, -0.3875155864520939408 ) ) ;
#1806 = AXIS2_PLACEMENT_3D ( 'NONE', #105, #2685, #865 ) ;
#1807 = DIRECTION ( 'NONE',  ( -1.000000000000000000, -5.568642467174413953E-31, 3.304235192336775117E-15 ) ) ;
#1808 = ORIENTED_EDGE ( 'NONE', *, *, #681, .T. ) ;
#1809 = DIRECTION ( 'NONE',  ( 0.000000000000000000, -1.000000000000000000, 0.000000000000000000 ) ) ;
#1810 = VECTOR ( 'NONE', #1006, 1000.000000000000000 ) ;
#1811 = CARTESIAN_POINT ( 'NONE',  ( 0.000000000000000000, 0.000000000000000000, -7.238999999999999879 ) ) ;
#1812 = CARTESIAN_POINT ( 'NONE',  ( 0.000000000000000000, 0.000000000000000000, -11.87307225861763804 ) ) ;
#1813 = AXIS2_PLACEMENT_3D ( 'NONE', #2489, #1029, #2701 ) ;
#1814 = FACE_OUTER_BOUND ( 'NONE', #1976, .T. ) ;
#1815 = AXIS2_PLACEMENT_3D ( 'NONE', #2748, #836, #1542 ) ;
#1816 = VECTOR ( 'NONE', #2972, 1000.000000000000000 ) ;
#1817 = PLANE ( 'NONE',  #1968 ) ;
#1818 = VECTOR ( 'NONE', #2904, 1000.000000000000000 ) ;
#1819 = EDGE_CURVE ( 'NONE', #1715, #2546, #574, .T. ) ;
#1820 = ORIENTED_EDGE ( 'NONE', *, *, #525, .T. ) ;
#1821 = ADVANCED_FACE ( 'NONE', ( #1609 ), #221, .T. ) ;
#1822 = CIRCLE ( 'NONE', #455, 2.100000000000000089 ) ;
#1823 = EDGE_LOOP ( 'NONE', ( #1312, #1927, #2169, #871, #2957, #1087, #1455, #1454, #1744, #1431 ) ) ;
#1824 = CARTESIAN_POINT ( 'NONE',  ( 0.7499999999999998890, 3.176000000000002377, -7.445000000000000284 ) ) ;
#1825 = CARTESIAN_POINT ( 'NONE',  ( -1.959412432082485944, 0.8453832043415124842, -0.07408238133550941462 ) ) ;
#1826 = AXIS2_PLACEMENT_3D ( 'NONE', #1529, #1558, #422 ) ;
#1827 = ORIENTED_EDGE ( 'NONE', *, *, #2954, .T. ) ;
#1828 = CARTESIAN_POINT ( 'NONE',  ( 0.4000000000000010214, 2.232710535457612888, -11.97076274578120803 ) ) ;
#1829 = CARTESIAN_POINT ( 'NONE',  ( -1.958295588161913736, -0.8486177109635268945, -0.02472045621156910775 ) ) ;
#1830 = DIRECTION ( 'NONE',  ( -1.000000000000000000, 0.000000000000000000, 0.000000000000000000 ) ) ;
#1831 = DIRECTION ( 'NONE',  ( -1.000000000000000000, 0.000000000000000000, 0.000000000000000000 ) ) ;
#1832 = LINE ( 'NONE', #217, #2902 ) ;
#1833 = DIRECTION ( 'NONE',  ( 0.000000000000000000, 0.000000000000000000, -1.000000000000000000 ) ) ;
#1834 = ORIENTED_EDGE ( 'NONE', *, *, #285, .T. ) ;
#1835 = EDGE_CURVE ( 'NONE', #189, #1578, #859, .T. ) ;
#1836 = ORIENTED_EDGE ( 'NONE', *, *, #516, .F. ) ;
#1837 = EDGE_CURVE ( 'NONE', #981, #2177, #2903, .T. ) ;
#1838 = CARTESIAN_POINT ( 'NONE',  ( -1.982800871145367960, 0.7740871510008296985, 0.8890000000000009006 ) ) ;
#1839 = CARTESIAN_POINT ( 'NONE',  ( 0.7499999999999984457, 2.899999999999999911, -12.53545247797180906 ) ) ;
#1840 = CARTESIAN_POINT ( 'NONE',  ( 0.000000000000000000, 0.000000000000000000, 5.620762745781215486 ) ) ;
#1841 = CARTESIAN_POINT ( 'NONE',  ( -2.100000000000000089, 1.057487430955461841E-15, -5.460999999999999410 ) ) ;
#1842 = EDGE_LOOP ( 'NONE', ( #2558, #1643, #784, #162 ) ) ;
#1843 = CARTESIAN_POINT ( 'NONE',  ( 1.292526595471058526, 2.899999999999999023, -6.349999999999999645 ) ) ;
#1844 = CARTESIAN_POINT ( 'NONE',  ( 2.100000000000000089, 1.314662291584096921E-15, -4.500000000000007994 ) ) ;
#1845 = PLANE ( 'NONE',  #1876 ) ;
#1846 = B_SPLINE_CURVE_WITH_KNOTS ( 'NONE', 3,
 ( #126, #1079, #2036, #2764, #196, #227, #1878, #2093, #2313, #421 ),
 .UNSPECIFIED., .F., .F.,
 ( 4, 2, 2, 2, 4 ),
 ( 0.000000000000000000, 0.0003704147845104403965, 0.0007408295690208807930, 0.001111244353531320918, 0.001481659138041761152 ),
 .UNSPECIFIED. ) ;
#1847 = CARTESIAN_POINT ( 'NONE',  ( -0.4000000000000010214, 2.061552812808830293, -11.78900000000000148 ) ) ;
#1848 = ORIENTED_EDGE ( 'NONE', *, *, #218, .F. ) ;
#1849 = ORIENTED_EDGE ( 'NONE', *, *, #2009, .F. ) ;
#1850 = CARTESIAN_POINT ( 'NONE',  ( 0.4000000000000010214, -3.174999999999999822, -11.48899999999999899 ) ) ;
#1851 = CARTESIAN_POINT ( 'NONE',  ( 0.3999999999999975797, -2.061552812808828516, 5.139000000000004675 ) ) ;
#1852 = VERTEX_POINT ( 'NONE', #2816 ) ;
#1853 = CARTESIAN_POINT ( 'NONE',  ( -0.7499999999999996669, 3.176000000000002377, -7.238999999999998991 ) ) ;
#1854 = EDGE_CURVE ( 'NONE', #2235, #981, #2842, .T. ) ;
#1855 = VERTEX_POINT ( 'NONE', #2589 ) ;
#1856 = DIRECTION ( 'NONE',  ( 0.000000000000000000, 0.000000000000000000, 1.000000000000000000 ) ) ;
#1857 = LINE ( 'NONE', #695, #779 ) ;
#1858 = CIRCLE ( 'NONE', #1419, 2.100000000000000089 ) ;
#1859 = DIRECTION ( 'NONE',  ( -1.000000000000000000, 8.881784197001252323E-16, 0.000000000000000000 ) ) ;
#1860 = B_SPLINE_CURVE_WITH_KNOTS ( 'NONE', 3,
 ( #1525, #2500, #818, #2485 ),
 .UNSPECIFIED., .F., .F.,
 ( 4, 4 ),
 ( 0.003655977453372193445, 0.003758849537120532817 ),
 .UNSPECIFIED. ) ;
#1861 = EDGE_CURVE ( 'NONE', #2491, #179, #1865, .T. ) ;
#1862 = CIRCLE ( 'NONE', #490, 2.100000000000000089 ) ;
#1863 = CARTESIAN_POINT ( 'NONE',  ( -2.100000000000000089, 1.057488398147446982E-15, -4.500000000000007994 ) ) ;
#1864 = CARTESIAN_POINT ( 'NONE',  ( 0.000000000000000000, 0.000000000000000000, 5.438999999999999169 ) ) ;
#1865 = CIRCLE ( 'NONE', #2710, 2.100000000000000089 ) ;
#1866 = VERTEX_POINT ( 'NONE', #962 ) ;
#1867 = B_SPLINE_CURVE_WITH_KNOTS ( 'NONE', 3,
 ( #854, #1788, #2737, #2567 ),
 .UNSPECIFIED., .F., .F.,
 ( 4, 4 ),
 ( 0.000000000000000000, 0.0008927638502348496244 ),
 .UNSPECIFIED. ) ;
#1868 = AXIS2_PLACEMENT_3D ( 'NONE', #2007, #810, #1710 ) ;
#1869 = ORIENTED_EDGE ( 'NONE', *, *, #826, .T. ) ;
#1870 = CARTESIAN_POINT ( 'NONE',  ( 3.175999999999998380, -0.7740871510008295875, 0.8890000000000009006 ) ) ;
#1871 = COORDINATED_UNIVERSAL_TIME_OFFSET ( 6, 0, .BEHIND. ) ;
#1872 = CLOSED_SHELL ( 'NONE', ( #1821, #2828, #1051, #2712, #990, #1004, #142, #1633, #1023, #44, #1273, #1093, #787, #1186, #61, #1329, #2100, #488, #2415, #2738, #124, #1270, #3007, #2375, #434, #2224, #728, #323, #290, #2384, #625, #2692, #1049, #2143, #1332, #2180, #2161, #3009, #658, #2239, #1730, #1367, #1526, #902, #2083, #2050, #1128, #2653, #2600, #551, #2750, #1452, #603, #1502, #2809, #419, #1143, #3026, #2106, #2394, #2719, #1199, #583, #1390, #548, #2528, #1364, #2606, #925, #164, #1445, #145, #1160, #696, #1650, #1237, #2550, #361, #64, #2792, #2676, #234 ) ) ;
#1873 = EDGE_LOOP ( 'NONE', ( #2728, #1149, #582, #2416 ) ) ;
#1874 = CARTESIAN_POINT ( 'NONE',  ( -1.222045456658753970, -3.336598682543890249, 0.8890000000000009006 ) ) ;
#1875 = ORIENTED_EDGE ( 'NONE', *, *, #715, .F. ) ;
#1876 = AXIS2_PLACEMENT_3D ( 'NONE', #928, #2779, #1168 ) ;
#1877 = CARTESIAN_POINT ( 'NONE',  ( -0.4980973490458784347, 2.040073290564214936, 3.295422128626185554 ) ) ;
#1878 = CARTESIAN_POINT ( 'NONE',  ( 0.2470723783330720513, -2.087434397081524562, -9.237282604411547027 ) ) ;
#1879 = EDGE_CURVE ( 'NONE', #154, #326, #2615, .T. ) ;
#1880 = DIRECTION ( 'NONE',  ( -0.000000000000000000, -1.665334536937735304E-16, 1.000000000000000000 ) ) ;
#1881 = CARTESIAN_POINT ( 'NONE',  ( 1.958295588161916401, 0.8486177109635258953, 2.602374448188120419E-17 ) ) ;
#1882 = EDGE_CURVE ( 'NONE', #473, #1983, #2190, .T. ) ;
#1883 = DIRECTION ( 'NONE',  ( -1.000000000000000000, 0.000000000000000000, 0.000000000000000000 ) ) ;
#1884 = ORIENTED_EDGE ( 'NONE', *, *, #381, .T. ) ;
#1885 = ORIENTED_EDGE ( 'NONE', *, *, #1296, .F. ) ;
#1886 = CARTESIAN_POINT ( 'NONE',  ( 0.4000000000000010214, -2.243459280444427772, -11.93819995583811711 ) ) ;
#1887 = B_SPLINE_CURVE_WITH_KNOTS ( 'NONE', 3,
 ( #820, #2973, #329, #1048 ),
 .UNSPECIFIED., .F., .F.,
 ( 4, 4 ),
 ( 8.771839934585401868E-19, 0.0008927638502348503834 ),
 .UNSPECIFIED. ) ;
#1888 = DIRECTION ( 'NONE',  ( -0.000000000000000000, -0.000000000000000000, -1.000000000000000000 ) ) ;
#1889 = LINE ( 'NONE', #2329, #2914 ) ;
#1890 = VERTEX_POINT ( 'NONE', #489 ) ;
#1891 = DIRECTION ( 'NONE',  ( 0.000000000000000000, 0.000000000000000000, 1.000000000000000000 ) ) ;
#1892 = DIRECTION ( 'NONE',  ( 1.000000000000000000, 0.000000000000000000, 0.000000000000000000 ) ) ;
#1893 = CARTESIAN_POINT ( 'NONE',  ( 2.040073290564201169, 0.4980973490458784347, 4.043577871373827293 ) ) ;
#1894 = DIRECTION ( 'NONE',  ( 0.000000000000000000, 0.000000000000000000, -1.000000000000000000 ) ) ;
#1895 = EDGE_CURVE ( 'NONE', #2354, #1100, #2860, .T. ) ;
#1896 = ORIENTED_EDGE ( 'NONE', *, *, #1727, .F. ) ;
#1897 = VERTEX_POINT ( 'NONE', #278 ) ;
#1898 = DIRECTION ( 'NONE',  ( -1.000000000000000000, 0.000000000000000000, 0.000000000000000000 ) ) ;
#1899 = CARTESIAN_POINT ( 'NONE',  ( 0.4000000000000010214, -3.174999999999999822, -11.48899999999999899 ) ) ;
#1900 = ORIENTED_EDGE ( 'NONE', *, *, #453, .T. ) ;
#1901 = CARTESIAN_POINT ( 'NONE',  ( 0.6062564592894065241, 2.011363967672408215, 4.531686415729930140 ) ) ;
#1902 = CARTESIAN_POINT ( 'NONE',  ( 0.000000000000000000, 0.000000000000000000, 6.139000000000005564 ) ) ;
#1903 = ORIENTED_EDGE ( 'NONE', *, *, #676, .T. ) ;
#1904 = CARTESIAN_POINT ( 'NONE',  ( 0.000000000000000000, 0.000000000000000000, 0.8890000000000009006 ) ) ;
#1905 = DIRECTION ( 'NONE',  ( 0.000000000000000000, 0.000000000000000000, -1.000000000000000000 ) ) ;
#1906 = AXIS2_PLACEMENT_3D ( 'NONE', #2650, #1675, #282 ) ;
#1907 = CARTESIAN_POINT ( 'NONE',  ( 0.000000000000000000, 2.350000000000000533, -0.8890000000000009006 ) ) ;
#1908 = ORIENTED_EDGE ( 'NONE', *, *, #1879, .T. ) ;
#1909 = CIRCLE ( 'NONE', #1322, 2.299999999999999822 ) ;
#1910 = EDGE_CURVE ( 'NONE', #225, #934, #265, .T. ) ;
#1911 = EDGE_CURVE ( 'NONE', #687, #2395, #2389, .T. ) ;
#1912 = AXIS2_PLACEMENT_3D ( 'NONE', #321, #1236, #2230 ) ;
#1913 = ORIENTED_EDGE ( 'NONE', *, *, #2337, .F. ) ;
#1914 = DIRECTION ( 'NONE',  ( 0.08682659386424405878, -0.08682659386424781967, 0.9924325091389675224 ) ) ;
#1915 = DATE_AND_TIME ( #2353, #171 ) ;
#1916 = EDGE_CURVE ( 'NONE', #797, #2529, #2005, .T. ) ;
#1917 = VECTOR ( 'NONE', #1034, 1000.000000000000000 ) ;
#1918 = ORIENTED_EDGE ( 'NONE', *, *, #129, .T. ) ;
#1919 = CARTESIAN_POINT ( 'NONE',  ( 0.000000000000000000, 0.000000000000000000, -11.78900000000000148 ) ) ;
#1920 = DIRECTION ( 'NONE',  ( -1.000000000000000000, 0.000000000000000000, -0.000000000000000000 ) ) ;
#1921 = SECURITY_CLASSIFICATION ( '', '', #1746 ) ;
#1922 = EDGE_LOOP ( 'NONE', ( #2911, #202, #1098, #1997 ) ) ;
#1923 = LINE ( 'NONE', #73, #2765 ) ;
#1924 = DIRECTION ( 'NONE',  ( -1.000000000000000000, 0.000000000000000000, 0.000000000000000000 ) ) ;
#1925 = PLANE ( 'NONE',  #1137 ) ;
#1926 = EDGE_LOOP ( 'NONE', ( #1192, #2075, #2028, #1210 ) ) ;
#1927 = ORIENTED_EDGE ( 'NONE', *, *, #81, .T. ) ;
#1928 = EDGE_CURVE ( 'NONE', #1897, #2258, #22, .T. ) ;
#1929 = CARTESIAN_POINT ( 'NONE',  ( 0.000000000000000000, 1.057487430955461841E-15, -5.460999999999999410 ) ) ;
#1930 = ORIENTED_EDGE ( 'NONE', *, *, #769, .T. ) ;
#1931 = EDGE_CURVE ( 'NONE', #1866, #1890, #370, .T. ) ;
#1932 = CARTESIAN_POINT ( 'NONE',  ( -2.500000000000000000, -2.899999999999999911, -5.460999999999999410 ) ) ;
#1933 =( BOUNDED_CURVE ( )  B_SPLINE_CURVE ( 3, ( #269, #2139, #1901, #512 ),
 .UNSPECIFIED., .F., .F. ) 
 B_SPLINE_CURVE_WITH_KNOTS ( ( 4, 4 ),
 ( 1.810267798689541019, 1.890194266040168936 ),
 .UNSPECIFIED. ) 
 CURVE ( )  GEOMETRIC_REPRESENTATION_ITEM ( )  RATIONAL_B_SPLINE_CURVE ( ( 1.000000000000000000, 0.9994677174976543954, 0.9994677174976543954, 1.000000000000000000 ) ) 
 REPRESENTATION_ITEM ( '' )  );
#1934 = EDGE_LOOP ( 'NONE', ( #1803, #1256, #1820, #776, #2599, #578, #1948, #1414, #2637, #2871, #2928, #1918, #1111, #794, #2841, #1628 ) ) ;
#1935 = FACE_OUTER_BOUND ( 'NONE', #3013, .T. ) ;
#1936 = B_SPLINE_CURVE_WITH_KNOTS ( 'NONE', 3,
 ( #2426, #1756, #316, #808 ),
 .UNSPECIFIED., .F., .F.,
 ( 4, 4 ),
 ( 0.002832913685900422234, 0.002935786532568630813 ),
 .UNSPECIFIED. ) ;
#1937 = CARTESIAN_POINT ( 'NONE',  ( -0.3999999999999975797, 2.232710535457607559, 5.620762745781215486 ) ) ;
#1938 = CARTESIAN_POINT ( 'NONE',  ( 0.3999999999999975797, 2.232710535457607559, 5.620762745781215486 ) ) ;
#1939 = ORIENTED_EDGE ( 'NONE', *, *, #2736, .F. ) ;
#1940 = CARTESIAN_POINT ( 'NONE',  ( 2.100000000000000089, -0.1235328774832253340, 4.500000000000003553 ) ) ;
#1941 = ORIENTED_EDGE ( 'NONE', *, *, #1931, .F. ) ;
#1942 = CARTESIAN_POINT ( 'NONE',  ( 0.4000000000000010214, 2.129368205736811070, -11.81698505546813394 ) ) ;
#1943 = APPROVAL_DATE_TIME ( #2231, #542 ) ;
#1944 = ORIENTED_EDGE ( 'NONE', *, *, #1313, .T. ) ;
#1945 = CARTESIAN_POINT ( 'NONE',  ( -0.7499999999999994449, -3.176000000000000600, -5.254999999999999893 ) ) ;
#1946 = EDGE_CURVE ( 'NONE', #2946, #2041, #1456, .T. ) ;
#1947 = DIRECTION ( 'NONE',  ( -1.000000000000000000, 0.000000000000000000, 0.000000000000000000 ) ) ;
#1948 = ORIENTED_EDGE ( 'NONE', *, *, #470, .T. ) ;
#1949 = EDGE_CURVE ( 'NONE', #36, #1804, #66, .T. ) ;
#1950 = CARTESIAN_POINT ( 'NONE',  ( -0.3999999999999975797, 2.061552812808828516, 5.438999999999999169 ) ) ;
#1951 =( BOUNDED_CURVE ( )  B_SPLINE_CURVE ( 3, ( #1770, #1306, #2960, #1495 ),
 .UNSPECIFIED., .F., .F. ) 
 B_SPLINE_CURVE_WITH_KNOTS ( ( 4, 4 ),
 ( 4.392991041139418407, 4.472917508490047211 ),
 .UNSPECIFIED. ) 
 CURVE ( )  GEOMETRIC_REPRESENTATION_ITEM ( )  RATIONAL_B_SPLINE_CURVE ( ( 1.000000000000000000, 0.9994677174976543954, 0.9994677174976543954, 1.000000000000000000 ) ) 
 REPRESENTATION_ITEM ( '' )  );
#1952 = DIRECTION ( 'NONE',  ( 1.000000000000000000, 0.000000000000000000, 0.000000000000000000 ) ) ;
#1953 = CARTESIAN_POINT ( 'NONE',  ( 0.000000000000000000, 2.350000000000000533, -0.8890000000000009006 ) ) ;
#1954 = EDGE_CURVE ( 'NONE', #597, #2698, #507, .T. ) ;
#1955 = LINE ( 'NONE', #58, #2476 ) ;
#1956 = ORIENTED_EDGE ( 'NONE', *, *, #2691, .T. ) ;
#1957 = VECTOR ( 'NONE', #996, 1000.000000000000000 ) ;
#1958 = CARTESIAN_POINT ( 'NONE',  ( 2.040073290564214936, -0.4980973490458784347, 4.043577871373827293 ) ) ;
#1959 =( BOUNDED_CURVE ( )  B_SPLINE_CURVE ( 3, ( #67, #293, #491, #1209 ),
 .UNSPECIFIED., .F., .F. ) 
 B_SPLINE_CURVE_WITH_KNOTS ( ( 4, 4 ),
 ( 1.810267798689541019, 1.948312761994395625 ),
 .UNSPECIFIED. ) 
 CURVE ( )  GEOMETRIC_REPRESENTATION_ITEM ( )  RATIONAL_B_SPLINE_CURVE ( ( 1.000000000000000000, 0.9984125960386560639, 0.9984125960386560639, 1.000000000000000000 ) ) 
 REPRESENTATION_ITEM ( '' )  );
#1960 = EDGE_LOOP ( 'NONE', ( #53, #1908, #1688, #2000, #237, #740 ) ) ;
#1961 = CARTESIAN_POINT ( 'NONE',  ( 0.4000000000000010214, 2.264950330581225746, -11.87307225861763804 ) ) ;
#1962 = AXIS2_PLACEMENT_3D ( 'NONE', #713, #1070, #17 ) ;
#1963 = ORIENTED_EDGE ( 'NONE', *, *, #916, .F. ) ;
#1964 = VECTOR ( 'NONE', #1276, 1000.000000000000000 ) ;
#1965 = PLANE ( 'NONE',  #2561 ) ;
#1966 = VECTOR ( 'NONE', #3000, 1000.000000000000000 ) ;
#1967 = CARTESIAN_POINT ( 'NONE',  ( -0.4000000000000010214, -2.182283254615325685, -12.12352969257201352 ) ) ;
#1968 = AXIS2_PLACEMENT_3D ( 'NONE', #2051, #2524, #411 ) ;
#1969 = ORIENTED_EDGE ( 'NONE', *, *, #2048, .T. ) ;
#1970 = DIRECTION ( 'NONE',  ( 0.000000000000000000, 0.000000000000000000, 1.000000000000000000 ) ) ;
#1971 = EDGE_CURVE ( 'NONE', #1493, #677, #483, .T. ) ;
#1972 = CARTESIAN_POINT ( 'NONE',  ( 0.000000000000000000, 0.000000000000000000, 0.8890000000000009006 ) ) ;
#1973 = DIRECTION ( 'NONE',  ( -0.000000000000000000, 1.000000000000000000, -0.000000000000000000 ) ) ;
#1974 = CARTESIAN_POINT ( 'NONE',  ( -2.040073290564214936, -0.4980973490458784347, 4.043577871373827293 ) ) ;
#1975 = CIRCLE ( 'NONE', #2862, 2.268258436585967708 ) ;
#1976 = EDGE_LOOP ( 'NONE', ( #702, #1553, #2590, #1731 ) ) ;
#1977 = EDGE_CURVE ( 'NONE', #2441, #2122, #689, .T. ) ;
#1978 = VECTOR ( 'NONE', #467, 1000.000000000000000 ) ;
#1979 = TOROIDAL_SURFACE ( 'NONE', #1477, 1.554966049364602254, 0.7500000000000000000 ) ;
#1980 = LINE ( 'NONE', #1532, #648 ) ;
#1981 = ORIENTED_EDGE ( 'NONE', *, *, #2009, .T. ) ;
#1982 = CARTESIAN_POINT ( 'NONE',  ( -0.3999999999999975797, 2.232710535457607559, 5.620762745781215486 ) ) ;
#1983 = VERTEX_POINT ( 'NONE', #1641 ) ;
#1984 = DIRECTION ( 'NONE',  ( 1.000000000000000000, 0.000000000000000000, -0.000000000000000000 ) ) ;
#1985 = FACE_OUTER_BOUND ( 'NONE', #707, .T. ) ;
#1986 = EDGE_LOOP ( 'NONE', ( #1593, #747, #245, #1504, #628, #1381, #1624, #987 ) ) ;
#1987 = LINE ( 'NONE', #606, #547 ) ;
#1988 = CARTESIAN_POINT ( 'NONE',  ( 0.4000000000000010214, 2.061552812808830293, -11.78900000000000148 ) ) ;
#1989 = LINE ( 'NONE', #1496, #112 ) ;
#1990 = DIRECTION ( 'NONE',  ( 0.000000000000000000, -1.000000000000000000, 0.000000000000000000 ) ) ;
#1991 = ORIENTED_EDGE ( 'NONE', *, *, #1946, .T. ) ;
#1992 = LINE ( 'NONE', #1500, #352 ) ;
#1993 = EDGE_CURVE ( 'NONE', #963, #2704, #2256, .T. ) ;
#1994 = ORIENTED_EDGE ( 'NONE', *, *, #2259, .F. ) ;
#1995 = CARTESIAN_POINT ( 'NONE',  ( 3.176025000000002763, 0.4980973490458777686, -4.043577871373832622 ) ) ;
#1996 = EDGE_CURVE ( 'NONE', #232, #243, #206, .T. ) ;
#1997 = ORIENTED_EDGE ( 'NONE', *, *, #1054, .F. ) ;
#1998 = CARTESIAN_POINT ( 'NONE',  ( 1.959412432082492828, 0.8453832043415124842, -0.07408238133550916482 ) ) ;
#1999 = LINE ( 'NONE', #1552, #1369 ) ;
#2000 = ORIENTED_EDGE ( 'NONE', *, *, #621, .F. ) ;
#2001 = CARTESIAN_POINT ( 'NONE',  ( -0.4980973490458784347, -0.5635524950881043438, 3.295422128626185554 ) ) ;
#2002 = FACE_OUTER_BOUND ( 'NONE', #87, .T. ) ;
#2003 = FACE_OUTER_BOUND ( 'NONE', #2628, .T. ) ;
#2004 = DIRECTION ( 'NONE',  ( -0.000000000000000000, -0.000000000000000000, 1.000000000000000000 ) ) ;
#2005 = B_SPLINE_CURVE_WITH_KNOTS ( 'NONE', 3,
 ( #233, #936, #4, #2166 ),
 .UNSPECIFIED., .F., .F.,
 ( 4, 4 ),
 ( 0.003655977453372194312, 0.003758849537120529348 ),
 .UNSPECIFIED. ) ;
#2006 = ORIENTED_EDGE ( 'NONE', *, *, #1432, .T. ) ;
#2007 = CARTESIAN_POINT ( 'NONE',  ( 0.000000000000000000, -7.234213228457522991E-16, -7.445000000000000284 ) ) ;
#2008 = EDGE_LOOP ( 'NONE', ( #1734, #2091, #2460, #205, #1930, #2105, #1608, #959, #1358, #1403 ) ) ;
#2009 = EDGE_CURVE ( 'NONE', #963, #1165, #1470, .T. ) ;
#2010 = EDGE_CURVE ( 'NONE', #2058, #1562, #1503, .T. ) ;
#2011 = CARTESIAN_POINT ( 'NONE',  ( 0.4871798639138811837, 2.042738866564660416, -9.520634702552898787 ) ) ;
#2012 = VECTOR ( 'NONE', #2288, 1000.000000000000000 ) ;
#2013 = B_SPLINE_CURVE_WITH_KNOTS ( 'NONE', 3,
 ( #2591, #25, #951, #2832 ),
 .UNSPECIFIED., .F., .F.,
 ( 4, 4 ),
 ( 0.000000000000000000, 7.416136863469130491E-05 ),
 .UNSPECIFIED. ) ;
#2014 = ORIENTED_EDGE ( 'NONE', *, *, #2874, .T. ) ;
#2015 = CIRCLE ( 'NONE', #1080, 2.100000000000000089 ) ;
#2016 = EDGE_CURVE ( 'NONE', #532, #2682, #2678, .T. ) ;
#2017 = DIRECTION ( 'NONE',  ( 1.000000000000000000, -0.000000000000000000, -0.000000000000000000 ) ) ;
#2018 = CARTESIAN_POINT ( 'NONE',  ( 1.957545608681447113, -0.8507825969242234221, 0.000000000000000000 ) ) ;
#2019 = ORIENTED_EDGE ( 'NONE', *, *, #68, .F. ) ;
#2020 = CIRCLE ( 'NONE', #544, 3.174999999999999822 ) ;
#2021 = CARTESIAN_POINT ( 'NONE',  ( -0.2470917478819861790, 2.087439085565596653, 2.887221323398966977 ) ) ;
#2022 = PLANE ( 'NONE',  #1129 ) ;
#2023 = DIRECTION ( 'NONE',  ( 0.000000000000000000, 0.000000000000000000, 1.000000000000000000 ) ) ;
#2024 = CARTESIAN_POINT ( 'NONE',  ( -2.268258436585967708, 0.000000000000000000, 5.620762745781215486 ) ) ;
#2025 = ORIENTED_EDGE ( 'NONE', *, *, #2492, .T. ) ;
#2026 = CIRCLE ( 'NONE', #2174, 2.100000000000000089 ) ;
#2027 = LINE ( 'NONE', #1326, #2907 ) ;
#2028 = ORIENTED_EDGE ( 'NONE', *, *, #2733, .F. ) ;
#2029 = ORIENTED_EDGE ( 'NONE', *, *, #772, .T. ) ;
#2030 = CARTESIAN_POINT ( 'NONE',  ( -0.4000000000000010214, -1.502637486114517751, -12.48900000000000077 ) ) ;
#2031 = DIRECTION ( 'NONE',  ( -1.000000000000000000, 0.000000000000000000, 0.000000000000000000 ) ) ;
#2032 = EDGE_LOOP ( 'NONE', ( #2099, #977, #2592, #2089, #1751, #21, #966, #1885, #6, #506, #671, #2070, #2923, #822, #1869, #716 ) ) ;
#2033 = CARTESIAN_POINT ( 'NONE',  ( -0.4000000000000010769, -2.129368205736810626, -11.81698505546813571 ) ) ;
#2034 = EDGE_CURVE ( 'NONE', #9, #890, #132, .T. ) ;
#2035 = CARTESIAN_POINT ( 'NONE',  ( -1.958670460279674286, -0.8475367633700016112, -0.04946708900204698639 ) ) ;
#2036 = CARTESIAN_POINT ( 'NONE',  ( -0.4286119346557860643, -2.057850353472996829, -9.403605336466521081 ) ) ;
#2037 = CARTESIAN_POINT ( 'NONE',  ( 0.4980973490458714958, -2.040073290564207831, -9.645422128626172764 ) ) ;
#2038 = DIRECTION ( 'NONE',  ( 0.000000000000000000, 1.000000000000000000, 0.000000000000000000 ) ) ;
#2039 = EDGE_LOOP ( 'NONE', ( #2350, #1036 ) ) ;
#2040 = CARTESIAN_POINT ( 'NONE',  ( 0.3999999999999977462, -1.821676962433386837, 6.089970303311149635 ) ) ;
#2041 = VERTEX_POINT ( 'NONE', #2246 ) ;
#2042 = DIRECTION ( 'NONE',  ( 3.343858152016816980E-15, 1.665334536937735304E-16, -1.000000000000000000 ) ) ;
#2043 = VERTEX_POINT ( 'NONE', #1056 ) ;
#2044 = DIRECTION ( 'NONE',  ( -1.000000000000000000, 0.000000000000000000, 0.000000000000000000 ) ) ;
#2045 = EDGE_CURVE ( 'NONE', #815, #1283, #2486, .T. ) ;
#2046 = DIRECTION ( 'NONE',  ( 0.000000000000000000, 0.000000000000000000, 1.000000000000000000 ) ) ;
#2047 = CARTESIAN_POINT ( 'NONE',  ( 0.7499999999999998890, -1.000000000000000000, -7.445000000000000284 ) ) ;
#2048 = EDGE_CURVE ( 'NONE', #1200, #768, #1667, .T. ) ;
#2049 = DIRECTION ( 'NONE',  ( -0.000000000000000000, -0.000000000000000000, 1.000000000000000000 ) ) ;
#2050 = ADVANCED_FACE ( 'NONE', ( #2889 ), #777, .T. ) ;
#2051 = CARTESIAN_POINT ( 'NONE',  ( 0.000000000000000000, 0.000000000000000000, -0.8890000000000000124 ) ) ;
#2052 = ORIENTED_EDGE ( 'NONE', *, *, #1910, .F. ) ;
#2053 =( BOUNDED_CURVE ( )  B_SPLINE_CURVE ( 3, ( #1012, #957, #2881, #545 ),
 .UNSPECIFIED., .F., .F. ) 
 B_SPLINE_CURVE_WITH_KNOTS ( ( 4, 4 ),
 ( 4.392991041139417518, 4.472917508490047211 ),
 .UNSPECIFIED. ) 
 CURVE ( )  GEOMETRIC_REPRESENTATION_ITEM ( )  RATIONAL_B_SPLINE_CURVE ( ( 1.000000000000000000, 0.9994677174976542844, 0.9994677174976542844, 1.000000000000000000 ) ) 
 REPRESENTATION_ITEM ( '' )  );
#2054 = ORIENTED_EDGE ( 'NONE', *, *, #1916, .F. ) ;
#2055 = DIRECTION ( 'NONE',  ( 0.000000000000000000, -1.000000000000000000, 0.000000000000000000 ) ) ;
#2056 = AXIS2_PLACEMENT_3D ( 'NONE', #803, #356, #1947 ) ;
#2057 = CARTESIAN_POINT ( 'NONE',  ( 2.057904902905755229, -0.4283089781248637373, -4.285724408513599926 ) ) ;
#2058 = VERTEX_POINT ( 'NONE', #116 ) ;
#2059 = CARTESIAN_POINT ( 'NONE',  ( -0.3999999999999975797, -1.663442899047759882, 6.139000000000002899 ) ) ;
#2060 = AXIS2_PLACEMENT_3D ( 'NONE', #1458, #2611, #2392 ) ;
#2061 = DIRECTION ( 'NONE',  ( 0.000000000000000000, 0.000000000000000000, 1.000000000000000000 ) ) ;
#2062 = CARTESIAN_POINT ( 'NONE',  ( 1.982800871146050525, 0.7740871510008278111, -0.8890000000000000124 ) ) ;
#2063 = AXIS2_PLACEMENT_3D ( 'NONE', #1929, #2444, #554 ) ;
#2064 = DIRECTION ( 'NONE',  ( -1.000000000000000000, 0.000000000000000000, 0.000000000000000000 ) ) ;
#2065 = FACE_OUTER_BOUND ( 'NONE', #182, .T. ) ;
#2066 = PLANE ( 'NONE',  #1718 ) ;
#2067 = AXIS2_PLACEMENT_3D ( 'NONE', #2762, #1809, #620 ) ;
#2068 = EDGE_CURVE ( 'NONE', #2990, #2468, #2314, .T. ) ;
#2069 = B_SPLINE_CURVE_WITH_KNOTS ( 'NONE', 3,
 ( #1735, #2199, #148, #2893, #385, #1720 ),
 .UNSPECIFIED., .F., .F.,
 ( 4, 2, 4 ),
 ( 0.000000000000000000, 0.0004757001404452619359, 0.0009514002808905243054 ),
 .UNSPECIFIED. ) ;
#2070 = ORIENTED_EDGE ( 'NONE', *, *, #2337, .T. ) ;
#2071 = AXIS2_PLACEMENT_3D ( 'NONE', #127, #303, #1512 ) ;
#2072 = VERTEX_POINT ( 'NONE', #2431 ) ;
#2073 = DIRECTION ( 'NONE',  ( 0.000000000000000000, 0.000000000000000000, 1.000000000000000000 ) ) ;
#2074 = PLANE ( 'NONE',  #2457 ) ;
#2075 = ORIENTED_EDGE ( 'NONE', *, *, #159, .T. ) ;
#2076 = CARTESIAN_POINT ( 'NONE',  ( -0.7499999999999994449, -3.176000000000000600, -5.460999999999999410 ) ) ;
#2077 = ORIENTED_EDGE ( 'NONE', *, *, #2673, .T. ) ;
#2078 = DIRECTION ( 'NONE',  ( 1.000000000000000000, 0.000000000000000000, 0.000000000000000000 ) ) ;
#2079 = CARTESIAN_POINT ( 'NONE',  ( 0.7499999999999998890, -1.000000000000000000, -7.445000000000000284 ) ) ;
#2080 = DIRECTION ( 'NONE',  ( 0.000000000000000000, 1.665334536937735304E-16, -1.000000000000000000 ) ) ;
#2081 = CARTESIAN_POINT ( 'NONE',  ( -2.042739449473820912, -0.4871774764741338415, -4.168392586008345724 ) ) ;
#2082 = ORIENTED_EDGE ( 'NONE', *, *, #1216, .T. ) ;
#2083 = ADVANCED_FACE ( 'NONE', ( #2872 ), #1109, .T. ) ;
#2084 = B_SPLINE_CURVE_WITH_KNOTS ( 'NONE', 3,
 ( #1737, #2912, #2683, #573 ),
 .UNSPECIFIED., .F., .F.,
 ( 4, 4 ),
 ( 0.003167387165916961834, 0.003985740514216681157 ),
 .UNSPECIFIED. ) ;
#2085 = ORIENTED_EDGE ( 'NONE', *, *, #971, .T. ) ;
#2086 = CARTESIAN_POINT ( 'NONE',  ( -0.7499999999999994449, 1.961504524593304266, -5.254999999999999005 ) ) ;
#2087 = CARTESIAN_POINT ( 'NONE',  ( 2.100000000000000089, 1.314662291584096921E-15, -4.500000000000007994 ) ) ;
#2088 = EDGE_CURVE ( 'NONE', #379, #2, #1375, .T. ) ;
#2089 = ORIENTED_EDGE ( 'NONE', *, *, #1219, .T. ) ;
#2090 = DIRECTION ( 'NONE',  ( -1.648912623619209262E-32, -1.000000000000000000, -1.665334536937735304E-16 ) ) ;
#2091 = ORIENTED_EDGE ( 'NONE', *, *, #2045, .T. ) ;
#2092 = CYLINDRICAL_SURFACE ( 'NONE', #345, 0.8499999999999983125 ) ;
#2093 = CARTESIAN_POINT ( 'NONE',  ( 0.4282819678817710862, -2.057911970479199937, -9.403224001008318567 ) ) ;
#2094 = LINE ( 'NONE', #40, #1978 ) ;
#2095 = CARTESIAN_POINT ( 'NONE',  ( 0.4000000000000010214, 1.502637486114517751, -12.48900000000000077 ) ) ;
#2096 = DESIGN_CONTEXT ( 'detailed design', #2367, 'design' ) ;
#2097 = PLANE ( 'NONE',  #169 ) ;
#2098 = ORIENTED_EDGE ( 'NONE', *, *, #1592, .F. ) ;
#2099 = ORIENTED_EDGE ( 'NONE', *, *, #2919, .F. ) ;
#2100 = ADVANCED_FACE ( 'NONE', ( #1515 ), #1299, .T. ) ;
#2101 = CARTESIAN_POINT ( 'NONE',  ( 3.176025000000002763, -0.8486177109635271165, 0.000000000000000000 ) ) ;
#2102 = PLANE ( 'NONE',  #986 ) ;
#2103 = ORIENTED_EDGE ( 'NONE', *, *, #1505, .T. ) ;
#2104 = CARTESIAN_POINT ( 'NONE',  ( -0.1233449203368005564, -2.100009524403048555, 2.838959997505227761 ) ) ;
#2105 = ORIENTED_EDGE ( 'NONE', *, *, #2922, .T. ) ;
#2106 = ADVANCED_FACE ( 'NONE', ( #581 ), #353, .F. ) ;
#2107 = CIRCLE ( 'NONE', #2705, 1.554966049364602254 ) ;
#2108 = CARTESIAN_POINT ( 'NONE',  ( -0.7499999999999982236, 1.961504524593304710, -5.460999999999999410 ) ) ;
#2109 = DIRECTION ( 'NONE',  ( 0.000000000000000000, -1.000000000000000000, 0.000000000000000000 ) ) ;
#2110 = VECTOR ( 'NONE', #1659, 1000.000000000000000 ) ;
#2111 = CARTESIAN_POINT ( 'NONE',  ( -3.079190491453137390, 0.8518645728753659885, 0.000000000000000000 ) ) ;
#2112 = CIRCLE ( 'NONE', #2412, 2.100000000000000089 ) ;
#2113 = DIRECTION ( 'NONE',  ( -1.000000000000000000, 0.000000000000000000, 0.000000000000000000 ) ) ;
#2114 = DIRECTION ( 'NONE',  ( 0.000000000000000000, -0.9961946980917455452, -0.08715574274765852669 ) ) ;
#2115 = CIRCLE ( 'NONE', #642, 2.100000000000000089 ) ;
#2116 = ORIENTED_EDGE ( 'NONE', *, *, #2448, .T. ) ;
#2117 = AXIS2_PLACEMENT_3D ( 'NONE', #1341, #882, #1576 ) ;
#2118 = ORIENTED_EDGE ( 'NONE', *, *, #884, .T. ) ;
#2119 = DIRECTION ( 'NONE',  ( -0.000000000000000000, -0.000000000000000000, -1.000000000000000000 ) ) ;
#2120 = COORDINATED_UNIVERSAL_TIME_OFFSET ( 6, 0, .BEHIND. ) ;
#2121 = VECTOR ( 'NONE', #2826, 1000.000000000000000 ) ;
#2122 = VERTEX_POINT ( 'NONE', #1418 ) ;
#2123 = EDGE_CURVE ( 'NONE', #2885, #1019, #1832, .T. ) ;
#2124 = APPROVAL_PERSON_ORGANIZATION ( #249, #2730, #47 ) ;
#2125 = CARTESIAN_POINT ( 'NONE',  ( -2.100000000000000089, 7.000421793715619064E-18, -11.78900000000000148 ) ) ;
#2126 = ORIENTED_EDGE ( 'NONE', *, *, #884, .F. ) ;
#2127 = AXIS2_PLACEMENT_3D ( 'NONE', #1065, #2004, #1772 ) ;
#2128 = CARTESIAN_POINT ( 'NONE',  ( -2.087422096327619769, 0.2471642407572700317, -4.451660111647792739 ) ) ;
#2129 = LINE ( 'NONE', #270, #932 ) ;
#2130 = EDGE_CURVE ( 'NONE', #2303, #2773, #2578, .T. ) ;
#2131 = CARTESIAN_POINT ( 'NONE',  ( 0.000000000000000000, 0.000000000000000000, 5.438999999999999169 ) ) ;
#2132 = DIRECTION ( 'NONE',  ( -1.000000000000000000, 0.000000000000000000, 0.000000000000000000 ) ) ;
#2133 = FACE_OUTER_BOUND ( 'NONE', #765, .T. ) ;
#2134 = ORIENTED_EDGE ( 'NONE', *, *, #529, .F. ) ;
#2135 = ORIENTED_EDGE ( 'NONE', *, *, #868, .T. ) ;
#2136 = CARTESIAN_POINT ( 'NONE',  ( 0.5262817631964816778, 0.5353680809375011007, 3.617571456490331627 ) ) ;
#2137 = DIRECTION ( 'NONE',  ( -0.000000000000000000, -0.000000000000000000, -1.000000000000000000 ) ) ;
#2138 = ORIENTED_EDGE ( 'NONE', *, *, #1895, .F. ) ;
#2139 = CARTESIAN_POINT ( 'NONE',  ( 0.5524637716922258246, 2.026799369905324610, 3.916833182988028295 ) ) ;
#2140 = DIRECTION ( 'NONE',  ( 9.901389703063968695E-17, 0.000000000000000000, 1.000000000000000000 ) ) ;
#2141 = VERTEX_POINT ( 'NONE', #423 ) ;
#2142 = CARTESIAN_POINT ( 'NONE',  ( -2.087451327886900465, 0.2470002114573457141, 4.451835586025342906 ) ) ;
#2143 = ADVANCED_FACE ( 'NONE', ( #2065 ), #2495, .F. ) ;
#2144 = EDGE_CURVE ( 'NONE', #473, #862, #2852, .T. ) ;
#2145 = CARTESIAN_POINT ( 'NONE',  ( 0.4000000000000010214, -1.663442899047754331, -12.48900000000000077 ) ) ;
#2146 = VERTEX_POINT ( 'NONE', #2095 ) ;
#2147 = EDGE_CURVE ( 'NONE', #230, #1866, #2741, .T. ) ;
#2148 = B_SPLINE_CURVE_WITH_KNOTS ( 'NONE', 3,
 ( #911, #877, #2536, #2564 ),
 .UNSPECIFIED., .F., .F.,
 ( 4, 4 ),
 ( 0.003029541235337105450, 0.003249628748158704325 ),
 .UNSPECIFIED. ) ;
#2149 = ORIENTED_EDGE ( 'NONE', *, *, #880, .F. ) ;
#2150 = CARTESIAN_POINT ( 'NONE',  ( 0.6374886610082068916, -0.4241611831257786625, 4.888672114906272625 ) ) ;
#2151 = PERSON_AND_ORGANIZATION_ROLE ( 'design_owner' ) ;
#2152 = ORIENTED_EDGE ( 'NONE', *, *, #335, .F. ) ;
#2153 = CARTESIAN_POINT ( 'NONE',  ( 3.176025000000002763, 4.336808689942017736E-16, -4.000000000000003553 ) ) ;
#2154 = DIRECTION ( 'NONE',  ( 1.000000000000000000, 0.000000000000000000, 0.000000000000000000 ) ) ;
#2155 =( BOUNDED_CURVE ( )  B_SPLINE_CURVE ( 3, ( #893, #432, #1352, #2297 ),
 .UNSPECIFIED., .F., .F. ) 
 B_SPLINE_CURVE_WITH_KNOTS ( ( 4, 4 ),
 ( 1.658062789394600500, 4.625122517784985732 ),
 .UNSPECIFIED. ) 
 CURVE ( )  GEOMETRIC_REPRESENTATION_ITEM ( )  RATIONAL_B_SPLINE_CURVE ( ( 1.000000000000000000, 0.3914371618317638024, 0.3914371618317638024, 1.000000000000000000 ) ) 
 REPRESENTATION_ITEM ( '' )  );
#2156 = ORIENTED_EDGE ( 'NONE', *, *, #2565, .T. ) ;
#2157 = CARTESIAN_POINT ( 'NONE',  ( -1.982800871145370181, -0.7740871510008234813, -0.8890000000000000124 ) ) ;
#2158 = DIRECTION ( 'NONE',  ( -0.000000000000000000, -0.000000000000000000, 1.000000000000000000 ) ) ;
#2159 = AXIS2_PLACEMENT_3D ( 'NONE', #2331, #1119, #1339 ) ;
#2160 = CARTESIAN_POINT ( 'NONE',  ( 2.017135129506590463, 0.5920459111049658496, -2.969740893269235738 ) ) ;
#2161 = ADVANCED_FACE ( 'NONE', ( #2726 ), #1604, .F. ) ;
#2162 = ORIENTED_EDGE ( 'NONE', *, *, #2824, .T. ) ;
#2163 = VECTOR ( 'NONE', #1506, 1000.000000000000000 ) ;
#2164 = EDGE_CURVE ( 'NONE', #2400, #1567, #1738, .T. ) ;
#2165 = VERTEX_POINT ( 'NONE', #2317 ) ;
#2166 = CARTESIAN_POINT ( 'NONE',  ( -0.4000000000000010214, 2.264950330581225746, -11.87307225861763804 ) ) ;
#2167 =( LENGTH_UNIT ( ) NAMED_UNIT ( * ) SI_UNIT ( .MILLI., .METRE. ) );
#2168 = VECTOR ( 'NONE', #1494, 1000.000000000000000 ) ;
#2169 = ORIENTED_EDGE ( 'NONE', *, *, #2638, .T. ) ;
#2170 = CARTESIAN_POINT ( 'NONE',  ( -2.100000000000000089, 1.057488398147446982E-15, -4.500000000000007994 ) ) ;
#2171 = DIRECTION ( 'NONE',  ( 0.000000000000000000, 0.000000000000000000, 1.000000000000000000 ) ) ;
#2172 = ORIENTED_EDGE ( 'NONE', *, *, #811, .F. ) ;
#2173 = CARTESIAN_POINT ( 'NONE',  ( -1.957920956813671065, 0.8497003094221780017, 0.000000000000000000 ) ) ;
#2174 = AXIS2_PLACEMENT_3D ( 'NONE', #750, #2418, #1686 ) ;
#2175 = DIRECTION ( 'NONE',  ( -0.000000000000000000, 1.000000000000000000, -0.000000000000000000 ) ) ;
#2176 = CARTESIAN_POINT ( 'NONE',  ( 1.957169543971350567, 0.8518645728753659885, 0.000000000000000000 ) ) ;
#2177 = VERTEX_POINT ( 'NONE', #2301 ) ;
#2178 = CARTESIAN_POINT ( 'NONE',  ( -1.958295588161913736, -0.8486177109635268945, -7.807123344564344001E-17 ) ) ;
#2179 = ORIENTED_EDGE ( 'NONE', *, *, #2988, .T. ) ;
#2180 = ADVANCED_FACE ( 'NONE', ( #615 ), #945, .F. ) ;
#2181 = DIRECTION ( 'NONE',  ( 1.000000000000000000, -0.000000000000000000, -0.000000000000000000 ) ) ;
#2182 = ORIENTED_EDGE ( 'NONE', *, *, #2569, .T. ) ;
#2183 = EDGE_CURVE ( 'NONE', #2966, #1084, #3006, .T. ) ;
#2184 = DIRECTION ( 'NONE',  ( -1.000000000000000000, 0.000000000000000000, 0.000000000000000000 ) ) ;
#2185 = LINE ( 'NONE', #1690, #636 ) ;
#2186 = ORIENTED_EDGE ( 'NONE', *, *, #1669, .T. ) ;
#2187 = CARTESIAN_POINT ( 'NONE',  ( -0.3999999999999975797, -1.502637486114524634, 6.139000000000005564 ) ) ;
#2188 = CARTESIAN_POINT ( 'NONE',  ( 0.4000000000000010214, -2.081805041010026613, -12.25694035598735887 ) ) ;
#2189 = DIRECTION ( 'NONE',  ( 1.000000000000000000, 0.000000000000000000, 0.000000000000000000 ) ) ;
#2190 = B_SPLINE_CURVE_WITH_KNOTS ( 'NONE', 3,
 ( #2800, #1886, #1683, #718 ),
 .UNSPECIFIED., .F., .F.,
 ( 4, 4 ),
 ( 0.003655977453372196914, 0.003758849537120531950 ),
 .UNSPECIFIED. ) ;
#2191 = EDGE_LOOP ( 'NONE', ( #614, #1361, #1653, #2813 ) ) ;
#2192 = CARTESIAN_POINT ( 'NONE',  ( 0.7500000000000001110, -2.899999999999999911, -7.239000000000000767 ) ) ;
#2193 = VERTEX_POINT ( 'NONE', #229 ) ;
#2194 = CARTESIAN_POINT ( 'NONE',  ( -0.3999999999999976352, 2.083236664664702253, 5.905597390643916533 ) ) ;
#2195 = PERSON_AND_ORGANIZATION ( #638, #3005 ) ;
#2196 = EDGE_CURVE ( 'NONE', #503, #1469, #898, .T. ) ;
#2197 = ORIENTED_EDGE ( 'NONE', *, *, #1996, .F. ) ;
#2198 = DIRECTION ( 'NONE',  ( 1.000000000000000000, 0.000000000000000000, 0.000000000000000000 ) ) ;
#2199 = CARTESIAN_POINT ( 'NONE',  ( 0.4000000000000010214, 2.182283254615325241, -12.12352969257201174 ) ) ;
#2200 = ORIENTED_EDGE ( 'NONE', *, *, #2492, .F. ) ;
#2201 = LINE ( 'NONE', #88, #2168 ) ;
#2202 = EDGE_CURVE ( 'NONE', #677, #9, #2702, .T. ) ;
#2203 = DIRECTION ( 'NONE',  ( -0.000000000000000000, 1.665334536937735304E-16, -1.000000000000000000 ) ) ;
#2204 = CARTESIAN_POINT ( 'NONE',  ( 0.000000000000000000, 0.000000000000000000, -7.238999999999999879 ) ) ;
#2205 = CARTESIAN_POINT ( 'NONE',  ( 0.3999999999999976907, 2.081805041010025281, 5.906940355987368108 ) ) ;
#2206 = ORIENTED_EDGE ( 'NONE', *, *, #15, .F. ) ;
#2207 = CIRCLE ( 'NONE', #50, 2.100000000000000089 ) ;
#2208 = FACE_OUTER_BOUND ( 'NONE', #909, .T. ) ;
#2209 = CIRCLE ( 'NONE', #248, 2.100000000000000089 ) ;
#2210 = ORIENTED_EDGE ( 'NONE', *, *, #2428, .F. ) ;
#2211 = DIRECTION ( 'NONE',  ( -1.000000000000000000, 0.000000000000000000, 0.000000000000000000 ) ) ;
#2212 = AXIS2_PLACEMENT_3D ( 'NONE', #1528, #2439, #2944 ) ;
#2213 = VERTEX_POINT ( 'NONE', #2811 ) ;
#2214 = VECTOR ( 'NONE', #1973, 1000.000000000000000 ) ;
#2215 = CARTESIAN_POINT ( 'NONE',  ( -0.4980973490458784347, -3.174999999999997158, 3.295422128626185554 ) ) ;
#2216 = LINE ( 'NONE', #1765, #1170 ) ;
#2217 = PRODUCT_RELATED_PRODUCT_CATEGORY ( 'detail', '', ( #2888 ) ) ;
#2218 = VECTOR ( 'NONE', #327, 1000.000000000000000 ) ;
#2219 = ORIENTED_EDGE ( 'NONE', *, *, #868, .F. ) ;
#2220 = DIRECTION ( 'NONE',  ( 0.000000000000000000, 0.000000000000000000, 1.000000000000000000 ) ) ;
#2221 = EDGE_CURVE ( 'NONE', #2546, #1474, #610, .T. ) ;
#2222 = CARTESIAN_POINT ( 'NONE',  ( -1.678266289604233963, 1.750926158424081391, -0.8890000000000009006 ) ) ;
#2223 = CARTESIAN_POINT ( 'NONE',  ( 0.7500000000000045519, 1.961504524593302490, 8.091256121069156038 ) ) ;
#2224 = ADVANCED_FACE ( 'NONE', ( #698 ), #1623, .T. ) ;
#2225 = CARTESIAN_POINT ( 'NONE',  ( 2.100000000000000089, -3.788636071533348272E-16, -7.238999999999999879 ) ) ;
#2226 = ORIENTED_EDGE ( 'NONE', *, *, #2752, .T. ) ;
#2227 = AXIS2_PLACEMENT_3D ( 'NONE', #955, #1400, #452 ) ;
#2228 = CARTESIAN_POINT ( 'NONE',  ( 2.087451327886900465, -0.2470002114573455476, 4.451835586025344682 ) ) ;
#2229 = ORIENTED_EDGE ( 'NONE', *, *, #1410, .T. ) ;
#2230 = DIRECTION ( 'NONE',  ( -1.000000000000000000, 0.000000000000000000, 0.000000000000000000 ) ) ;
#2231 = DATE_AND_TIME ( #814, #2274 ) ;
#2232 = VERTEX_POINT ( 'NONE', #1678 ) ;
#2233 = LINE ( 'NONE', #2939, #2360 ) ;
#2234 = CARTESIAN_POINT ( 'NONE',  ( -0.4000000000000011324, -1.663407726524676056, -12.48900000000000254 ) ) ;
#2235 = VERTEX_POINT ( 'NONE', #1244 ) ;
#2236 = CARTESIAN_POINT ( 'NONE',  ( 0.1233449203368008895, 2.100009524403047667, 2.838959997505226429 ) ) ;
#2237 = FACE_OUTER_BOUND ( 'NONE', #2242, .T. ) ;
#2238 = CARTESIAN_POINT ( 'NONE',  ( 0.000000000000000000, 0.000000000000000000, 5.523072258617645502 ) ) ;
#2239 = ADVANCED_FACE ( 'NONE', ( #1661 ), #259, .F. ) ;
#2240 = CARTESIAN_POINT ( 'NONE',  ( -2.299999999999999822, 0.000000000000000000, 5.523072258617645502 ) ) ;
#2241 = EDGE_CURVE ( 'NONE', #2072, #2664, #2882, .T. ) ;
#2242 = EDGE_LOOP ( 'NONE', ( #721, #989, #1668, #2648, #2690 ) ) ;
#2243 = DIRECTION ( 'NONE',  ( -0.000000000000000000, 1.000000000000000000, 0.000000000000000000 ) ) ;
#2244 = EDGE_CURVE ( 'NONE', #1712, #1469, #1706, .T. ) ;
#2245 = ORIENTED_EDGE ( 'NONE', *, *, #2299, .F. ) ;
#2246 = CARTESIAN_POINT ( 'NONE',  ( 1.952124248775013893, -0.7740871510008295875, 0.8890000000000009006 ) ) ;
#2247 = ORIENTED_EDGE ( 'NONE', *, *, #1707, .F. ) ;
#2248 = LINE ( 'NONE', #2434, #2459 ) ;
#2249 = PLANE ( 'NONE',  #730 ) ;
#2250 = ORIENTED_EDGE ( 'NONE', *, *, #645, .F. ) ;
#2251 = CARTESIAN_POINT ( 'NONE',  ( -0.4000000000000010214, -2.264950330581225746, -11.87307225861763804 ) ) ;
#2252 = LINE ( 'NONE', #1527, #791 ) ;
#2253 = CARTESIAN_POINT ( 'NONE',  ( -0.7500000000000001110, -1.961504524593304266, -7.238999999999999879 ) ) ;
#2254 = FACE_OUTER_BOUND ( 'NONE', #2481, .T. ) ;
#2255 = EDGE_LOOP ( 'NONE', ( #1849, #2247, #1611, #1261 ) ) ;
#2256 =( BOUNDED_CURVE ( )  B_SPLINE_CURVE ( 3, ( #307, #369, #1488, #82 ),
 .UNSPECIFIED., .F., .T. ) 
 B_SPLINE_CURVE_WITH_KNOTS ( ( 4, 4 ),
 ( 4.392991041139417518, 4.472917508490047211 ),
 .UNSPECIFIED. ) 
 CURVE ( )  GEOMETRIC_REPRESENTATION_ITEM ( )  RATIONAL_B_SPLINE_CURVE ( ( 1.000000000000000000, 0.9994677174976542844, 0.9994677174976542844, 1.000000000000000000 ) ) 
 REPRESENTATION_ITEM ( '' )  );
#2257 = FACE_OUTER_BOUND ( 'NONE', #190, .T. ) ;
#2258 = VERTEX_POINT ( 'NONE', #2385 ) ;
#2259 = EDGE_CURVE ( 'NONE', #2543, #2990, #2869, .T. ) ;
#2260 = AXIS2_PLACEMENT_3D ( 'NONE', #2298, #941, #213 ) ;
#2261 = ORIENTED_EDGE ( 'NONE', *, *, #509, .T. ) ;
#2262 = VECTOR ( 'NONE', #649, 1000.000000000000000 ) ;
#2263 = LINE ( 'NONE', #1564, #1471 ) ;
#2264 = CARTESIAN_POINT ( 'NONE',  ( 1.958295588161914180, -0.8486177109635264504, -7.807123344564344001E-17 ) ) ;
#2265 = ORIENTED_EDGE ( 'NONE', *, *, #2010, .F. ) ;
#2266 = VECTOR ( 'NONE', #1284, 1000.000000000000000 ) ;
#2267 = CARTESIAN_POINT ( 'NONE',  ( -0.4000000000000010214, 2.232710535457612888, -11.97076274578120803 ) ) ;
#2268 = CARTESIAN_POINT ( 'NONE',  ( -0.4980973490458714958, -2.040073290564207831, -9.645422128626172764 ) ) ;
#2269 = CARTESIAN_POINT ( 'NONE',  ( -3.175999999999998380, 0.7740871510008295875, 0.8890000000000009006 ) ) ;
#2270 = CIRCLE ( 'NONE', #399, 2.100000000000000089 ) ;
#2271 = AXIS2_PLACEMENT_3D ( 'NONE', #1972, #2453, #1027 ) ;
#2272 = CARTESIAN_POINT ( 'NONE',  ( 0.7500000000000005551, -3.176000000000000600, -5.254999999999999893 ) ) ;
#2273 = CARTESIAN_POINT ( 'NONE',  ( 0.4000000000000010214, 2.254205848354696506, -11.90563645010067440 ) ) ;
#2274 = LOCAL_TIME ( 13, 52, 31.00000000000000000, #308 ) ;
#2275 = B_SPLINE_CURVE_WITH_KNOTS ( 'NONE', 3,
 ( #469, #2348, #456, #2040, #2386, #1389 ),
 .UNSPECIFIED., .F., .F.,
 ( 4, 2, 4 ),
 ( 0.000000000000000000, 0.0004757001404452540212, 0.0009514002808905080424 ),
 .UNSPECIFIED. ) ;
#2276 = EDGE_LOOP ( 'NONE', ( #209, #1913, #1645, #92 ) ) ;
#2277 = AXIS2_PLACEMENT_3D ( 'NONE', #2131, #29, #499 ) ;
#2278 =( BOUNDED_CURVE ( )  B_SPLINE_CURVE ( 3, ( #1059, #372, #2714, #602 ),
 .UNSPECIFIED., .F., .F. ) 
 B_SPLINE_CURVE_WITH_KNOTS ( ( 4, 4 ),
 ( 1.906463082447154456, 4.376722224732431776 ),
 .UNSPECIFIED. ) 
 CURVE ( )  GEOMETRIC_REPRESENTATION_ITEM ( )  RATIONAL_B_SPLINE_CURVE ( ( 1.000000000000000000, 0.5529325251066180558, 0.5529325251066180558, 1.000000000000000000 ) ) 
 REPRESENTATION_ITEM ( '' )  );
#2279 = DIRECTION ( 'NONE',  ( 1.000000000000000000, 8.881784197001252323E-16, 0.000000000000000000 ) ) ;
#2280 = ORIENTED_EDGE ( 'NONE', *, *, #1819, .F. ) ;
#2281 = EDGE_CURVE ( 'NONE', #780, #473, #1193, .T. ) ;
#2282 = CARTESIAN_POINT ( 'NONE',  ( 0.3999999999999975797, -2.264950330581230631, 5.523072258617645502 ) ) ;
#2283 = CARTESIAN_POINT ( 'NONE',  ( -2.017135129506590907, -0.5920459111049608536, 2.969740893269249504 ) ) ;
#2284 = ORIENTED_EDGE ( 'NONE', *, *, #645, .T. ) ;
#2285 = FACE_OUTER_BOUND ( 'NONE', #2510, .T. ) ;
#2286 = EDGE_CURVE ( 'NONE', #2411, #815, #1450, .T. ) ;
#2287 = FACE_OUTER_BOUND ( 'NONE', #549, .T. ) ;
#2288 = DIRECTION ( 'NONE',  ( 9.901389703063968695E-17, 0.000000000000000000, 1.000000000000000000 ) ) ;
#2289 = CYLINDRICAL_SURFACE ( 'NONE', #410, 2.100000000000000089 ) ;
#2290 = DIRECTION ( 'NONE',  ( 0.000000000000000000, 1.665334536937735304E-16, -1.000000000000000000 ) ) ;
#2291 = ORIENTED_EDGE ( 'NONE', *, *, #2602, .F. ) ;
#2292 = ORIENTED_EDGE ( 'NONE', *, *, #2838, .F. ) ;
#2293 = LINE ( 'NONE', #415, #2262 ) ;
#2294 = CARTESIAN_POINT ( 'NONE',  ( 2.100000000000000089, 1.314663258776406086E-15, -5.460999999999999410 ) ) ;
#2295 = ORIENTED_EDGE ( 'NONE', *, *, #286, .F. ) ;
#2296 = DIRECTION ( 'NONE',  ( 0.000000000000000000, 0.000000000000000000, 1.000000000000000000 ) ) ;
#2297 = CARTESIAN_POINT ( 'NONE',  ( -0.5635524950881043438, 0.4980973490458784347, 4.043577871373827293 ) ) ;
#2298 = CARTESIAN_POINT ( 'NONE',  ( 0.7499999999999998890, 3.176000000000002377, -7.445000000000000284 ) ) ;
#2299 = EDGE_CURVE ( 'NONE', #1407, #3029, #2853, .T. ) ;
#2300 = FACE_OUTER_BOUND ( 'NONE', #2753, .T. ) ;
#2301 = CARTESIAN_POINT ( 'NONE',  ( 0.5635524950881043438, -0.4980973490458784347, 4.043577871373827293 ) ) ;
#2302 = CARTESIAN_POINT ( 'NONE',  ( 1.959412432082492828, 0.8453832043415124842, -0.07408238133550916482 ) ) ;
#2303 = VERTEX_POINT ( 'NONE', #2425 ) ;
#2304 = EDGE_LOOP ( 'NONE', ( #970, #2077, #629, #1637 ) ) ;
#2305 = LINE ( 'NONE', #1315, #1767 ) ;
#2306 = CONICAL_SURFACE ( 'NONE', #392, 2.299999999999999822, 0.3141592653589766471 ) ;
#2307 = CARTESIAN_POINT ( 'NONE',  ( -1.958670460279651637, 0.8475367633700677805, -0.04946708900203896503 ) ) ;
#2308 = ORIENTED_EDGE ( 'NONE', *, *, #2196, .T. ) ;
#2309 = CARTESIAN_POINT ( 'NONE',  ( -2.100000000000000533, -0.1234788608634410506, 4.500000000000002665 ) ) ;
#2310 = ORIENTED_EDGE ( 'NONE', *, *, #1861, .T. ) ;
#2311 = TOROIDAL_SURFACE ( 'NONE', #394, 1.554966049364602254, 0.7500000000000000000 ) ;
#2312 = DIRECTION ( 'NONE',  ( 1.000000000000000000, 0.000000000000000000, 0.000000000000000000 ) ) ;
#2313 = CARTESIAN_POINT ( 'NONE',  ( 0.4871800118523809120, -2.042738830444499776, -9.520636393497687422 ) ) ;
#2314 = CIRCLE ( 'NONE', #2063, 2.100000000000000089 ) ;
#2315 = CARTESIAN_POINT ( 'NONE',  ( 0.000000000000000000, 1.000000000000000000, 0.000000000000000000 ) ) ;
#2316 = EDGE_CURVE ( 'NONE', #2643, #1019, #2020, .T. ) ;
#2317 = CARTESIAN_POINT ( 'NONE',  ( -1.957169543971350567, 0.8518645728753659885, 0.000000000000000000 ) ) ;
#2318 = AXIS2_PLACEMENT_3D ( 'NONE', #590, #1078, #1292 ) ;
#2319 = VECTOR ( 'NONE', #2090, 1000.000000000000000 ) ;
#2320 = EDGE_LOOP ( 'NONE', ( #1447, #2182, #1130, #368 ) ) ;
#2321 = EDGE_CURVE ( 'NONE', #2165, #1411, #459, .T. ) ;
#2322 = CC_DESIGN_APPROVAL ( #2730, ( #216 ) ) ;
#2323 = CIRCLE ( 'NONE', #121, 2.268258436585967708 ) ;
#2324 = ORIENTED_EDGE ( 'NONE', *, *, #2530, .T. ) ;
#2325 = CARTESIAN_POINT ( 'NONE',  ( 0.3999999999999976352, -2.129368205736812403, 5.466985055468134291 ) ) ;
#2326 = CARTESIAN_POINT ( 'NONE',  ( 3.176025000000002763, -0.4980973490458770470, -4.043577871373832622 ) ) ;
#2327 = APPLICATION_CONTEXT ( 'configuration controlled 3d designs of mechanical parts and assemblies' ) ;
#2328 = ORIENTED_EDGE ( 'NONE', *, *, #1348, .F. ) ;
#2329 = CARTESIAN_POINT ( 'NONE',  ( 0.7500000000000005551, 3.176000000000002377, -5.254999999999999893 ) ) ;
#2330 = CARTESIAN_POINT ( 'NONE',  ( 3.176025000000002763, -0.001382289036469530608, 0.000000000000000000 ) ) ;
#2331 = CARTESIAN_POINT ( 'NONE',  ( 0.000000000000000000, 0.000000000000000000, -7.238999999999999879 ) ) ;
#2332 = CARTESIAN_POINT ( 'NONE',  ( -2.100000000000000089, -9.671939568988946182E-22, 4.500000000000003553 ) ) ;
#2333 = CARTESIAN_POINT ( 'NONE',  ( 0.4980973490458714958, 2.040073290564207831, -9.645422128626172764 ) ) ;
#2334 = CARTESIAN_POINT ( 'NONE',  ( 0.000000000000000000, 0.000000000000000000, 5.620762745781215486 ) ) ;
#2335 = EDGE_CURVE ( 'NONE', #1466, #1712, #2115, .T. ) ;
#2336 = EDGE_LOOP ( 'NONE', ( #2200, #1782, #2295, #616 ) ) ;
#2337 = EDGE_CURVE ( 'NONE', #371, #230, #2053, .T. ) ;
#2338 = ORIENTED_EDGE ( 'NONE', *, *, #2123, .T. ) ;
#2339 = CARTESIAN_POINT ( 'NONE',  ( 0.5635524950881043438, 0.4980973490458784347, 4.043577871373827293 ) ) ;
#2340 = CARTESIAN_POINT ( 'NONE',  ( -1.554966049364602254, 0.000000000000000000, -11.73899999999999899 ) ) ;
#2341 = ORIENTED_EDGE ( 'NONE', *, *, #1617, .F. ) ;
#2342 = CARTESIAN_POINT ( 'NONE',  ( -0.4980973490458784347, -2.040073290564214936, 3.295422128626185554 ) ) ;
#2343 = ORIENTED_EDGE ( 'NONE', *, *, #1763, .F. ) ;
#2344 = CARTESIAN_POINT ( 'NONE',  ( 0.7500000000000045519, 1.961504524593302490, -5.255000000000000782 ) ) ;
#2345 = DIRECTION ( 'NONE',  ( 0.000000000000000000, 1.665334536937735304E-16, -1.000000000000000000 ) ) ;
#2346 = CARTESIAN_POINT ( 'NONE',  ( 0.000000000000000000, 0.000000000000000000, -11.78900000000000148 ) ) ;
#2347 = DIRECTION ( 'NONE',  ( -1.000000000000000000, 0.000000000000000000, 0.000000000000000000 ) ) ;
#2348 = CARTESIAN_POINT ( 'NONE',  ( 0.3999999999999975242, -2.182283254615319468, 5.773529692572014760 ) ) ;
#2349 = ORIENTED_EDGE ( 'NONE', *, *, #1404, .T. ) ;
#2350 = ORIENTED_EDGE ( 'NONE', *, *, #1071, .F. ) ;
#2351 = EDGE_CURVE ( 'NONE', #333, #2623, #688, .T. ) ;
#2352 = CARTESIAN_POINT ( 'NONE',  ( -1.987772171367460317, -0.6841887797112488068, -1.916543085772915100 ) ) ;
#2353 = CALENDAR_DATE ( 2022, 6, 6 ) ;
#2354 = VERTEX_POINT ( 'NONE', #1953 ) ;
#2355 = CARTESIAN_POINT ( 'NONE',  ( 0.000000000000000000, 0.000000000000000000, -11.48900000000000254 ) ) ;
#2356 = EDGE_LOOP ( 'NONE', ( #45, #1487, #2827, #1328, #289, #2839, #2118, #619, #2422, #2098 ) ) ;
#2357 = VECTOR ( 'NONE', #2140, 1000.000000000000000 ) ;
#2358 = CARTESIAN_POINT ( 'NONE',  ( 0.7499999999999998890, 1.000000000000000000, -7.445000000000000284 ) ) ;
#2359 = CARTESIAN_POINT ( 'NONE',  ( -0.3999999999999975797, -3.174999999999997158, 5.139000000000004675 ) ) ;
#2360 = VECTOR ( 'NONE', #537, 1000.000000000000000 ) ;
#2361 = CARTESIAN_POINT ( 'NONE',  ( 2.057904902905755229, 0.4283089781248624051, 4.285724408513594597 ) ) ;
#2362 = VECTOR ( 'NONE', #1372, 1000.000000000000000 ) ;
#2363 = CARTESIAN_POINT ( 'NONE',  ( -1.966180215270678877, 0.8259399663175632789, 0.2963196088843141895 ) ) ;
#2364 = FACE_OUTER_BOUND ( 'NONE', #283, .T. ) ;
#2365 = AXIS2_PLACEMENT_3D ( 'NONE', #2502, #2023, #1321 ) ;
#2366 = ORIENTED_EDGE ( 'NONE', *, *, #568, .T. ) ;
#2367 = APPLICATION_CONTEXT ( 'configuration controlled 3d designs of mechanical parts and assemblies' ) ;
#2368 = AXIS2_PLACEMENT_3D ( 'NONE', #1739, #2930, #1952 ) ;
#2369 = CIRCLE ( 'NONE', #451, 3.174999999999999822 ) ;
#2370 = VERTEX_POINT ( 'NONE', #2671 ) ;
#2371 = DIRECTION ( 'NONE',  ( -1.000000000000000000, 0.000000000000000000, 0.000000000000000000 ) ) ;
#2372 = FACE_OUTER_BOUND ( 'NONE', #2782, .T. ) ;
#2373 = EDGE_CURVE ( 'NONE', #1019, #484, #1188, .T. ) ;
#2374 = CARTESIAN_POINT ( 'NONE',  ( 0.000000000000000000, 0.000000000000000000, 5.438999999999999169 ) ) ;
#2375 = ADVANCED_FACE ( 'NONE', ( #757 ), #1694, .F. ) ;
#2376 = EDGE_LOOP ( 'NONE', ( #1994, #2760, #1309, #659, #594, #2829, #136, #1533, #1848, #100, #2152, #2965 ) ) ;
#2377 = AXIS2_PLACEMENT_3D ( 'NONE', #1201, #711, #943 ) ;
#2378 = FACE_OUTER_BOUND ( 'NONE', #1157, .T. ) ;
#2379 = CONICAL_SURFACE ( 'NONE', #2117, 2.100000000000000089, 1.172861257340199304 ) ;
#2380 = FACE_OUTER_BOUND ( 'NONE', #1873, .T. ) ;
#2381 =( BOUNDED_CURVE ( )  B_SPLINE_CURVE ( 3, ( #585, #558, #816, #1302 ),
 .UNSPECIFIED., .F., .F. ) 
 B_SPLINE_CURVE_WITH_KNOTS ( ( 4, 4 ),
 ( 4.799655442984393616, 7.766715171374778848 ),
 .UNSPECIFIED. ) 
 CURVE ( )  GEOMETRIC_REPRESENTATION_ITEM ( )  RATIONAL_B_SPLINE_CURVE ( ( 1.000000000000000000, 0.3914371618317638024, 0.3914371618317638024, 1.000000000000000000 ) ) 
 REPRESENTATION_ITEM ( '' )  );
#2382 = EDGE_LOOP ( 'NONE', ( #310, #317, #291, #674 ) ) ;
#2383 = LINE ( 'NONE', #2111, #946 ) ;
#2384 = ADVANCED_FACE ( 'NONE', ( #2931 ), #1025, .T. ) ;
#2385 = CARTESIAN_POINT ( 'NONE',  ( -2.100000000000000089, -9.671939568988946182E-22, 4.500000000000003553 ) ) ;
#2386 = CARTESIAN_POINT ( 'NONE',  ( 0.3999999999999976352, -1.663407726524681607, 6.139000000000004675 ) ) ;
#2387 = VERTEX_POINT ( 'NONE', #1740 ) ;
#2388 = ORIENTED_EDGE ( 'NONE', *, *, #364, .T. ) ;
#2389 = LINE ( 'NONE', #1195, #348 ) ;
#2390 = APPROVAL_STATUS ( 'not_yet_approved' ) ;
#2391 = VERTEX_POINT ( 'NONE', #139 ) ;
#2392 = DIRECTION ( 'NONE',  ( 1.000000000000000000, 0.000000000000000000, 0.000000000000000000 ) ) ;
#2393 = DIRECTION ( 'NONE',  ( 0.3090169943749448977, -1.583827263166006658E-16, 0.9510565162951544194 ) ) ;
#2394 = ADVANCED_FACE ( 'NONE', ( #2721 ), #853, .F. ) ;
#2395 = VERTEX_POINT ( 'NONE', #608 ) ;
#2396 = CARTESIAN_POINT ( 'NONE',  ( -2.040073290564206498, -0.4980973490458769359, -4.043577871373832622 ) ) ;
#2397 = CARTESIAN_POINT ( 'NONE',  ( 0.3999999999999976352, 2.129368206736824032, 5.466985055880803301 ) ) ;
#2398 = EDGE_CURVE ( 'NONE', #2682, #2946, #1887, .T. ) ;
#2399 = CARTESIAN_POINT ( 'NONE',  ( -0.4980973490458714958, -3.174999999999999822, -9.645422128626172764 ) ) ;
#2400 = VERTEX_POINT ( 'NONE', #2916 ) ;
#2401 = ORIENTED_EDGE ( 'NONE', *, *, #1296, .T. ) ;
#2402 = CARTESIAN_POINT ( 'NONE',  ( -2.017135129506590019, -0.5920459111049641843, -2.969740893269229520 ) ) ;
#2403 = ORIENTED_EDGE ( 'NONE', *, *, #2123, .F. ) ;
#2404 = CARTESIAN_POINT ( 'NONE',  ( -1.982800871145367960, 0.7740871510008296985, 0.8890000000000009006 ) ) ;
#2405 = CARTESIAN_POINT ( 'NONE',  ( 0.000000000000000000, 0.000000000000000000, 0.8890000000000009006 ) ) ;
#2406 = ORIENTED_EDGE ( 'NONE', *, *, #906, .F. ) ;
#2407 = CARTESIAN_POINT ( 'NONE',  ( -2.099872945368619348, 0.000000000000000000, 6.139000000000005564 ) ) ;
#2408 = CARTESIAN_POINT ( 'NONE',  ( 0.4000000000000010214, -2.232710535457612888, -11.97076274578120803 ) ) ;
#2409 = CARTESIAN_POINT ( 'NONE',  ( 0.000000000000000000, 1.057487430955461841E-15, -5.460999999999999410 ) ) ;
#2410 = EDGE_CURVE ( 'NONE', #2468, #1466, #1064, .T. ) ;
#2411 = VERTEX_POINT ( 'NONE', #1799 ) ;
#2412 = AXIS2_PLACEMENT_3D ( 'NONE', #2497, #1114, #1101 ) ;
#2413 = B_SPLINE_CURVE_WITH_KNOTS ( 'NONE', 3,
 ( #1998, #147, #324, #1537 ),
 .UNSPECIFIED., .F., .F.,
 ( 4, 4 ),
 ( 3.388131789017201356E-19, 0.0008183533482997363455 ),
 .UNSPECIFIED. ) ;
#2414 = AXIS2_PLACEMENT_3D ( 'NONE', #771, #1437, #1924 ) ;
#2415 = ADVANCED_FACE ( 'NONE', ( #2003 ), #344, .F. ) ;
#2416 = ORIENTED_EDGE ( 'NONE', *, *, #458, .F. ) ;
#2417 = CARTESIAN_POINT ( 'NONE',  ( -0.3999999999999975797, 1.821676962433386837, 6.089970303311149635 ) ) ;
#2418 = DIRECTION ( 'NONE',  ( 0.000000000000000000, 0.000000000000000000, 1.000000000000000000 ) ) ;
#2419 = ORIENTED_EDGE ( 'NONE', *, *, #1977, .T. ) ;
#2420 = LINE ( 'NONE', #337, #2163 ) ;
#2421 = DIRECTION ( 'NONE',  ( -0.9961946980917458783, -1.451434684901297804E-17, 0.08715574274765461316 ) ) ;
#2422 = ORIENTED_EDGE ( 'NONE', *, *, #2398, .T. ) ;
#2423 = CARTESIAN_POINT ( 'NONE',  ( -3.175000000000001155, -3.851859888774471706E-31, -5.460999999999999410 ) ) ;
#2424 = VECTOR ( 'NONE', #240, 1000.000000000000000 ) ;
#2425 = CARTESIAN_POINT ( 'NONE',  ( 1.958295588161916401, 0.8486177109635258953, 2.602374448188120419E-17 ) ) ;
#2426 = CARTESIAN_POINT ( 'NONE',  ( -0.4000000000000010214, -2.264950330581225746, -11.87307225861763804 ) ) ;
#2427 = ORIENTED_EDGE ( 'NONE', *, *, #8, .T. ) ;
#2428 = EDGE_CURVE ( 'NONE', #2969, #1890, #2961, .T. ) ;
#2429 = DIRECTION ( 'NONE',  ( 0.000000000000000000, 0.000000000000000000, 1.000000000000000000 ) ) ;
#2430 = VERTEX_POINT ( 'NONE', #1556 ) ;
#2431 = CARTESIAN_POINT ( 'NONE',  ( 0.3999999999999975797, 2.264950330581230631, 5.523072258617645502 ) ) ;
#2432 = EDGE_CURVE ( 'NONE', #80, #243, #1989, .T. ) ;
#2433 = ORIENTED_EDGE ( 'NONE', *, *, #1448, .T. ) ;
#2434 = CARTESIAN_POINT ( 'NONE',  ( -3.079190491453137390, 0.4980973490458784347, 4.043577871373827293 ) ) ;
#2435 = DIRECTION ( 'NONE',  ( -3.343858152016827236E-15, 1.665334536937735304E-16, -1.000000000000000000 ) ) ;
#2436 = ORIENTED_EDGE ( 'NONE', *, *, #2316, .F. ) ;
#2437 = CARTESIAN_POINT ( 'NONE',  ( -2.500000000000000000, -2.899999999999999911, -7.239000000000000767 ) ) ;
#2438 = CARTESIAN_POINT ( 'NONE',  ( -0.7499999999999994449, 1.000000000000000000, -5.254999999999999893 ) ) ;
#2439 = DIRECTION ( 'NONE',  ( 0.000000000000000000, 0.000000000000000000, -1.000000000000000000 ) ) ;
#2440 = CARTESIAN_POINT ( 'NONE',  ( 1.982800871145367960, 0.7740871510008296985, 0.8890000000000009006 ) ) ;
#2441 = VERTEX_POINT ( 'NONE', #591 ) ;
#2442 = DIRECTION ( 'NONE',  ( -0.000000000000000000, -0.000000000000000000, -1.000000000000000000 ) ) ;
#2443 = ORIENTED_EDGE ( 'NONE', *, *, #1911, .T. ) ;
#2444 = DIRECTION ( 'NONE',  ( 0.000000000000000000, 0.000000000000000000, 1.000000000000000000 ) ) ;
#2445 = APPROVAL_ROLE ( '' ) ;
#2446 = EDGE_CURVE ( 'NONE', #886, #1897, #1574, .T. ) ;
#2447 = ORIENTED_EDGE ( 'NONE', *, *, #681, .F. ) ;
#2448 = EDGE_CURVE ( 'NONE', #2441, #2643, #1028, .T. ) ;
#2449 = CARTESIAN_POINT ( 'NONE',  ( 2.100000000000000089, 0.000000000000000000, 5.438999999999999169 ) ) ;
#2450 = DIRECTION ( 'NONE',  ( -1.000000000000000000, -0.000000000000000000, -0.000000000000000000 ) ) ;
#2451 = ORIENTED_EDGE ( 'NONE', *, *, #2321, .F. ) ;
#2452 = DIRECTION ( 'NONE',  ( 0.000000000000000000, 1.665334536937735304E-16, -1.000000000000000000 ) ) ;
#2453 = DIRECTION ( 'NONE',  ( 0.000000000000000000, 0.000000000000000000, -1.000000000000000000 ) ) ;
#2454 = DIRECTION ( 'NONE',  ( -1.000000000000000000, 0.000000000000000000, 0.000000000000000000 ) ) ;
#2455 = CARTESIAN_POINT ( 'NONE',  ( 2.040073290564206943, 0.4980973490458777686, -4.043577871373832622 ) ) ;
#2456 = ORIENTED_EDGE ( 'NONE', *, *, #231, .F. ) ;
#2457 = AXIS2_PLACEMENT_3D ( 'NONE', #3015, #905, #3028 ) ;
#2458 = DIRECTION ( 'NONE',  ( -0.000000000000000000, 1.665334536937735304E-16, -1.000000000000000000 ) ) ;
#2459 = VECTOR ( 'NONE', #1475, 1000.000000000000000 ) ;
#2460 = ORIENTED_EDGE ( 'NONE', *, *, #1071, .T. ) ;
#2461 = CARTESIAN_POINT ( 'NONE',  ( -0.9308557843574903901, 2.350000000000001421, 0.8890000000000010116 ) ) ;
#2462 = VECTOR ( 'NONE', #1221, 1000.000000000000000 ) ;
#2463 = PERSON_AND_ORGANIZATION ( #638, #3005 ) ;
#2464 = ORIENTED_EDGE ( 'NONE', *, *, #2988, .F. ) ;
#2465 = LINE ( 'NONE', #355, #1620 ) ;
#2466 = EDGE_CURVE ( 'NONE', #717, #261, #1426, .T. ) ;
#2467 = CARTESIAN_POINT ( 'NONE',  ( -0.4000000000000012434, -2.083236664664701809, -12.25559739064390996 ) ) ;
#2468 = VERTEX_POINT ( 'NONE', #623 ) ;
#2469 = EDGE_CURVE ( 'NONE', #2141, #2731, #376, .T. ) ;
#2470 = LINE ( 'NONE', #863, #1229 ) ;
#2471 = FACE_OUTER_BOUND ( 'NONE', #539, .T. ) ;
#2472 = CC_DESIGN_APPROVAL ( #542, ( #1921 ) ) ;
#2473 = CARTESIAN_POINT ( 'NONE',  ( 0.4980973490458784347, -3.174999999999997158, 3.295422128626185554 ) ) ;
#2474 = EDGE_CURVE ( 'NONE', #2235, #2387, #1786, .T. ) ;
#2475 = CARTESIAN_POINT ( 'NONE',  ( -1.952124248775016779, 0.7740871510008278111, -0.8890000000000009006 ) ) ;
#2476 = VECTOR ( 'NONE', #1031, 1000.000000000000000 ) ;
#2477 = ORIENTED_EDGE ( 'NONE', *, *, #1373, .F. ) ;
#2478 = CARTESIAN_POINT ( 'NONE',  ( -0.6593895131183358238, -1.993791731849034576, 5.139000000000004675 ) ) ;
#2479 = ORIENTED_EDGE ( 'NONE', *, *, #1405, .F. ) ;
#2480 = DIRECTION ( 'NONE',  ( 0.000000000000000000, -1.665334536937735304E-16, 1.000000000000000000 ) ) ;
#2481 = EDGE_LOOP ( 'NONE', ( #2484, #2514, #2179, #487, #2479, #2977, #1392, #2803 ) ) ;
#2482 = LINE ( 'NONE', #2449, #10 ) ;
#2483 = DIRECTION ( 'NONE',  ( -1.000000000000000000, 0.000000000000000000, 0.000000000000000000 ) ) ;
#2484 = ORIENTED_EDGE ( 'NONE', *, *, #2410, .F. ) ;
#2485 = CARTESIAN_POINT ( 'NONE',  ( -0.3999999999999975797, -2.264950330581230631, 5.523072258617645502 ) ) ;
#2486 = B_SPLINE_CURVE_WITH_KNOTS ( 'NONE', 3,
 ( #1982, #533, #2194, #2417, #2663, #2936 ),
 .UNSPECIFIED., .F., .F.,
 ( 4, 2, 4 ),
 ( 0.000000000000000000, 0.0004757001404452540212, 0.0009514002808905080424 ),
 .UNSPECIFIED. ) ;
#2487 = EDGE_CURVE ( 'NONE', #514, #1411, #390, .T. ) ;
#2488 = DIRECTION ( 'NONE',  ( -1.000000000000000000, 0.000000000000000000, -0.000000000000000000 ) ) ;
#2489 = CARTESIAN_POINT ( 'NONE',  ( 0.000000000000000000, -3.174999999999999822, -9.689000000000000057 ) ) ;
#2490 = CARTESIAN_POINT ( 'NONE',  ( 0.000000000000000000, 0.000000000000000000, -12.48900000000000077 ) ) ;
#2491 = VERTEX_POINT ( 'NONE', #2253 ) ;
#2492 = EDGE_CURVE ( 'NONE', #220, #2573, #644, .T. ) ;
#2493 = CARTESIAN_POINT ( 'NONE',  ( 0.000000000000000000, 0.000000000000000000, 5.523072258617645502 ) ) ;
#2494 = ORIENTED_EDGE ( 'NONE', *, *, #729, .F. ) ;
#2495 = CYLINDRICAL_SURFACE ( 'NONE', #2952, 0.5000000000000000000 ) ;
#2496 = VERTEX_POINT ( 'NONE', #172 ) ;
#2497 = CARTESIAN_POINT ( 'NONE',  ( 0.000000000000000000, 0.000000000000000000, 5.139000000000004675 ) ) ;
#2498 = DIRECTION ( 'NONE',  ( -0.000000000000000000, 1.000000000000000000, -0.000000000000000000 ) ) ;
#2499 = EDGE_LOOP ( 'NONE', ( #2229, #2029, #531, #801 ) ) ;
#2500 = CARTESIAN_POINT ( 'NONE',  ( -0.3999999999999975797, -2.243459280444428217, 5.588199955838125454 ) ) ;
#2501 = FACE_OUTER_BOUND ( 'NONE', #2533, .T. ) ;
#2502 = CARTESIAN_POINT ( 'NONE',  ( 0.000000000000000000, 0.000000000000000000, 5.438999999999999169 ) ) ;
#2503 = DIRECTION ( 'NONE',  ( 9.901389703063967462E-17, 0.000000000000000000, 1.000000000000000000 ) ) ;
#2504 = DIRECTION ( 'NONE',  ( -1.000000000000000000, 0.000000000000000000, 0.000000000000000000 ) ) ;
#2505 = EDGE_CURVE ( 'NONE', #1614, #520, #1095, .T. ) ;
#2506 = ORIENTED_EDGE ( 'NONE', *, *, #715, .T. ) ;
#2507 = VECTOR ( 'NONE', #1703, 1000.000000000000000 ) ;
#2508 = VECTOR ( 'NONE', #1702, 1000.000000000000000 ) ;
#2509 = EDGE_CURVE ( 'NONE', #1298, #1766, #1846, .T. ) ;
#2510 = EDGE_LOOP ( 'NONE', ( #2756, #1242, #2818, #2245 ) ) ;
#2511 = AXIS2_PLACEMENT_3D ( 'NONE', #254, #495, #1689 ) ;
#2512 = CARTESIAN_POINT ( 'NONE',  ( -2.040073290564214936, 0.4980973490458784347, 4.043577871373827293 ) ) ;
#2513 = CARTESIAN_POINT ( 'NONE',  ( 0.000000000000000000, 0.000000000000000000, -11.48900000000000254 ) ) ;
#2514 = ORIENTED_EDGE ( 'NONE', *, *, #918, .T. ) ;
#2515 = CARTESIAN_POINT ( 'NONE',  ( 0.000000000000000000, 0.000000000000000000, 0.8890000000000009006 ) ) ;
#2516 = CIRCLE ( 'NONE', #598, 2.100000000000000089 ) ;
#2517 = CARTESIAN_POINT ( 'NONE',  ( 2.100000000000000089, 0.000000000000000000, -11.78900000000000148 ) ) ;
#2518 = CARTESIAN_POINT ( 'NONE',  ( -0.7500000000000002220, -2.899999999999999911, -12.53545247797180728 ) ) ;
#2519 = VECTOR ( 'NONE', #2290, 1000.000000000000000 ) ;
#2520 = ADVANCED_BREP_SHAPE_REPRESENTATION ( '228-2500-061', ( #1413, #601 ), #553 ) ;
#2521 = LINE ( 'NONE', #365, #2913 ) ;
#2522 = CC_DESIGN_APPROVAL ( #1085, ( #1591 ) ) ;
#2523 = CIRCLE ( 'NONE', #848, 0.7499999999999997780 ) ;
#2524 = DIRECTION ( 'NONE',  ( 0.000000000000000000, 0.000000000000000000, -1.000000000000000000 ) ) ;
#2525 = LOCAL_TIME ( 13, 52, 31.00000000000000000, #2120 ) ;
#2526 = ORIENTED_EDGE ( 'NONE', *, *, #2016, .F. ) ;
#2527 = AXIS2_PLACEMENT_3D ( 'NONE', #2652, #515, #770 ) ;
#2528 = ADVANCED_FACE ( 'NONE', ( #1353 ), #654, .T. ) ;
#2529 = VERTEX_POINT ( 'NONE', #927 ) ;
#2530 = EDGE_CURVE ( 'NONE', #2577, #72, #2807, .T. ) ;
#2531 = CARTESIAN_POINT ( 'NONE',  ( -2.040073290564214936, 0.4980973490458784347, 4.043577871373827293 ) ) ;
#2532 = CARTESIAN_POINT ( 'NONE',  ( -1.958295588161913736, -0.8486177109635268945, -7.807123344564344001E-17 ) ) ;
#2533 = EDGE_LOOP ( 'NONE', ( #1217, #1900, #167, #1289 ) ) ;
#2534 = CARTESIAN_POINT ( 'NONE',  ( -1.554966049364602254, 8.174817038141341569E-17, -12.48900000000000077 ) ) ;
#2535 = PLANE ( 'NONE',  #299 ) ;
#2536 = CARTESIAN_POINT ( 'NONE',  ( 0.4000000000000010214, -2.129368206736822255, -11.81698505588080472 ) ) ;
#2537 = CARTESIAN_POINT ( 'NONE',  ( -0.6863579686439275074, 0.3752918754900413933, 5.447250857182284633 ) ) ;
#2538 = CARTESIAN_POINT ( 'NONE',  ( 2.099872945368622901, 0.000000000000000000, -12.48900000000000077 ) ) ;
#2539 = ORIENTED_EDGE ( 'NONE', *, *, #2196, .F. ) ;
#2540 = ORIENTED_EDGE ( 'NONE', *, *, #1291, .F. ) ;
#2541 = CARTESIAN_POINT ( 'NONE',  ( -0.4000000000000010214, 2.232710535457612888, -11.97076274578120803 ) ) ;
#2542 = DIRECTION ( 'NONE',  ( 0.000000000000000000, 0.9961946980917456562, 0.08715574274765683360 ) ) ;
#2543 = VERTEX_POINT ( 'NONE', #1844 ) ;
#2544 = CARTESIAN_POINT ( 'NONE',  ( -0.3999999999999975797, -2.232710535457607559, 5.620762745781215486 ) ) ;
#2545 = EDGE_CURVE ( 'NONE', #2146, #780, #1857, .T. ) ;
#2546 = VERTEX_POINT ( 'NONE', #1139 ) ;
#2547 = PLANE ( 'NONE',  #1268 ) ;
#2548 = LINE ( 'NONE', #1366, #2110 ) ;
#2549 = CARTESIAN_POINT ( 'NONE',  ( -1.957169543971350567, -0.8518645728753659885, 0.000000000000000000 ) ) ;
#2550 = ADVANCED_FACE ( 'NONE', ( #1631 ), #466, .F. ) ;
#2551 = CARTESIAN_POINT ( 'NONE',  ( 0.1236690215010802091, 2.099990463092004767, -9.189040055015563979 ) ) ;
#2552 = CARTESIAN_POINT ( 'NONE',  ( -1.292526595471058526, -2.899999999999999023, -6.349999999999999645 ) ) ;
#2553 = EDGE_LOOP ( 'NONE', ( #1024, #131 ) ) ;
#2554 = ORIENTED_EDGE ( 'NONE', *, *, #2147, .F. ) ;
#2555 = CARTESIAN_POINT ( 'NONE',  ( -1.678266289604233075, 1.750926158424082280, 0.8890000000000007896 ) ) ;
#2556 = VECTOR ( 'NONE', #2450, 1000.000000000000000 ) ;
#2557 = CARTESIAN_POINT ( 'NONE',  ( -1.958295588161912848, 0.8486177109635287819, 2.602374448188120419E-17 ) ) ;
#2558 = ORIENTED_EDGE ( 'NONE', *, *, #2937, .F. ) ;
#2559 = CARTESIAN_POINT ( 'NONE',  ( 0.4286119346557898946, -2.057850353472995941, 3.053605336466534759 ) ) ;
#2560 = ORIENTED_EDGE ( 'NONE', *, *, #1158, .F. ) ;
#2561 = AXIS2_PLACEMENT_3D ( 'NONE', #1945, #1021, #1984 ) ;
#2562 = EDGE_CURVE ( 'NONE', #1134, #1796, #185, .T. ) ;
#2563 = LINE ( 'NONE', #70, #2613 ) ;
#2564 = CARTESIAN_POINT ( 'NONE',  ( 0.4000000000000010214, -2.061552812808830293, -11.78900000000000148 ) ) ;
#2565 = EDGE_CURVE ( 'NONE', #1715, #94, #155, .T. ) ;
#2566 = VECTOR ( 'NONE', #1894, 1000.000000000000000 ) ;
#2567 = CARTESIAN_POINT ( 'NONE',  ( -1.957169543971350567, -0.8518645728753659885, 0.000000000000000000 ) ) ;
#2568 = CARTESIAN_POINT ( 'NONE',  ( -2.500000000000000000, 2.899999999999999911, -7.238999999999998991 ) ) ;
#2569 = EDGE_CURVE ( 'NONE', #564, #2643, #1399, .T. ) ;
#2570 = VECTOR ( 'NONE', #2203, 1000.000000000000000 ) ;
#2571 = DIRECTION ( 'NONE',  ( 3.343858152016816980E-15, 1.665334536937735304E-16, -1.000000000000000000 ) ) ;
#2572 = AXIS2_PLACEMENT_3D ( 'NONE', #2355, #892, #923 ) ;
#2573 = VERTEX_POINT ( 'NONE', #1616 ) ;
#2574 = VERTEX_POINT ( 'NONE', #3020 ) ;
#2575 = CARTESIAN_POINT ( 'NONE',  ( -2.500000000000000000, -2.899999999999999911, -7.239000000000000767 ) ) ;
#2576 = B_SPLINE_CURVE_WITH_KNOTS ( 'NONE', 3,
 ( #404, #2033, #587, #2251 ),
 .UNSPECIFIED., .F., .F.,
 ( 4, 4 ),
 ( 0.007647354141962972064, 0.007869202712918554540 ),
 .UNSPECIFIED. ) ;
#2577 = VERTEX_POINT ( 'NONE', #2047 ) ;
#2578 =( BOUNDED_CURVE ( )  B_SPLINE_CURVE ( 3, ( #1881, #2796, #1169, #241 ),
 .UNSPECIFIED., .F., .F. ) 
 B_SPLINE_CURVE_WITH_KNOTS ( ( 4, 4 ),
 ( 5.081851121952897898, 5.083333168371989785 ),
 .UNSPECIFIED. ) 
 CURVE ( )  GEOMETRIC_REPRESENTATION_ITEM ( )  RATIONAL_B_SPLINE_CURVE ( ( 1.000000000000000000, 0.9999998169615427202, 0.9999998169615427202, 1.000000000000000000 ) ) 
 REPRESENTATION_ITEM ( '' )  );
#2579 = CARTESIAN_POINT ( 'NONE',  ( -0.4282819678817721964, -2.057911970479199493, 3.053224001008327360 ) ) ;
#2580 = ORIENTED_EDGE ( 'NONE', *, *, #2286, .F. ) ;
#2581 = LINE ( 'NONE', #1843, #881 ) ;
#2582 = DIRECTION ( 'NONE',  ( -1.000000000000000000, 0.000000000000000000, 0.000000000000000000 ) ) ;
#2583 = FACE_OUTER_BOUND ( 'NONE', #2499, .T. ) ;
#2584 = CARTESIAN_POINT ( 'NONE',  ( 0.3999999999999976907, -2.254205848354697839, 5.555636450100680079 ) ) ;
#2585 = CARTESIAN_POINT ( 'NONE',  ( -0.4980973490458784347, 2.040073290564214936, 3.295422128626185554 ) ) ;
#2586 = EDGE_CURVE ( 'NONE', #1983, #395, #2148, .T. ) ;
#2587 = ORIENTED_EDGE ( 'NONE', *, *, #2736, .T. ) ;
#2588 = ORIENTED_EDGE ( 'NONE', *, *, #752, .T. ) ;
#2589 = CARTESIAN_POINT ( 'NONE',  ( -0.4000000000000010214, 2.061552812808830293, -11.78900000000000148 ) ) ;
#2590 = ORIENTED_EDGE ( 'NONE', *, *, #2241, .F. ) ;
#2591 = CARTESIAN_POINT ( 'NONE',  ( 1.958295588161916401, 0.8486177109635258953, 2.602374448188120419E-17 ) ) ;
#2592 = ORIENTED_EDGE ( 'NONE', *, *, #1373, .T. ) ;
#2593 = CARTESIAN_POINT ( 'NONE',  ( -0.4000000000000010214, -3.174999999999999822, -11.48899999999999899 ) ) ;
#2594 = CARTESIAN_POINT ( 'NONE',  ( 0.3999999999999975797, 0.000000000000000000, 6.139000000000005564 ) ) ;
#2595 =( BOUNDED_CURVE ( )  B_SPLINE_CURVE ( 3, ( #2996, #444, #1595, #2512 ),
 .UNSPECIFIED., .F., .F. ) 
 B_SPLINE_CURVE_WITH_KNOTS ( ( 4, 4 ),
 ( 1.193279891595399267, 1.331324854900254984 ),
 .UNSPECIFIED. ) 
 CURVE ( )  GEOMETRIC_REPRESENTATION_ITEM ( )  RATIONAL_B_SPLINE_CURVE ( ( 1.000000000000000000, 0.9984125960386560639, 0.9984125960386560639, 1.000000000000000000 ) ) 
 REPRESENTATION_ITEM ( '' )  );
#2596 = CARTESIAN_POINT ( 'NONE',  ( 2.100000000000000089, 2.571767950153651913E-16, 4.500000000000003553 ) ) ;
#2597 = CARTESIAN_POINT ( 'NONE',  ( 2.040073290564206498, -0.4980973490458769359, -4.043577871373832622 ) ) ;
#2598 = CARTESIAN_POINT ( 'NONE',  ( -0.6593895131183358238, 1.993791731849034576, 5.139000000000004675 ) ) ;
#2599 = ORIENTED_EDGE ( 'NONE', *, *, #589, .T. ) ;
#2600 = ADVANCED_FACE ( 'NONE', ( #3033 ), #2306, .T. ) ;
#2601 = B_SPLINE_CURVE_WITH_KNOTS ( 'NONE', 3,
 ( #661, #400, #384, #2967, #630, #2541 ),
 .UNSPECIFIED., .F., .F.,
 ( 4, 2, 4 ),
 ( 0.000000000000000000, 0.0004757428370953074859, 0.0009514856741906154054 ),
 .UNSPECIFIED. ) ;
#2602 = EDGE_CURVE ( 'NONE', #1435, #2354, #2884, .T. ) ;
#2603 = EDGE_LOOP ( 'NONE', ( #2054, #457, #2025, #2994, #1395, #1696 ) ) ;
#2604 = CARTESIAN_POINT ( 'NONE',  ( 0.000000000000000000, 0.000000000000000000, -7.238999999999999879 ) ) ;
#2605 = PERSON_AND_ORGANIZATION ( #638, #3005 ) ;
#2606 = ADVANCED_FACE ( 'NONE', ( #635 ), #3001, .F. ) ;
#2607 = CARTESIAN_POINT ( 'NONE',  ( 1.554966049364602254, 0.000000000000000000, 6.139000000000005564 ) ) ;
#2608 = CARTESIAN_POINT ( 'NONE',  ( -2.057904902905755229, -0.4283089781248618499, 4.285724408513595485 ) ) ;
#2609 = VERTEX_POINT ( 'NONE', #894 ) ;
#2610 = CIRCLE ( 'NONE', #2655, 2.100000000000000089 ) ;
#2611 = DIRECTION ( 'NONE',  ( 0.000000000000000000, 0.000000000000000000, 1.000000000000000000 ) ) ;
#2612 = LINE ( 'NONE', #2594, #1957 ) ;
#2613 = VECTOR ( 'NONE', #238, 1000.000000000000000 ) ;
#2614 = CARTESIAN_POINT ( 'NONE',  ( 3.176025000000002763, 0.7740871510008278111, -0.8890000000000000124 ) ) ;
#2615 = CIRCLE ( 'NONE', #1666, 2.299999999999999822 ) ;
#2616 = CARTESIAN_POINT ( 'NONE',  ( 0.000000000000000000, 0.000000000000000000, -7.238999999999999879 ) ) ;
#2617 = CARTESIAN_POINT ( 'NONE',  ( 3.175999999999998380, -0.4980973490458784347, 4.043577871373827293 ) ) ;
#2618 = VERTEX_POINT ( 'NONE', #1571 ) ;
#2619 = CIRCLE ( 'NONE', #1378, 2.100000000000000089 ) ;
#2620 = ORIENTED_EDGE ( 'NONE', *, *, #397, .F. ) ;
#2621 = EDGE_CURVE ( 'NONE', #2122, #961, #1153, .T. ) ;
#2622 = DIRECTION ( 'NONE',  ( 0.000000000000000000, 1.665334536937735304E-16, -1.000000000000000000 ) ) ;
#2623 = VERTEX_POINT ( 'NONE', #2778 ) ;
#2624 = EDGE_CURVE ( 'NONE', #243, #1033, #2548, .T. ) ;
#2625 = AXIS2_PLACEMENT_3D ( 'NONE', #2490, #2962, #2064 ) ;
#2626 = CARTESIAN_POINT ( 'NONE',  ( 0.4980973490458784347, -0.5635524950881043438, 3.295422128626185554 ) ) ;
#2627 = DIRECTION ( 'NONE',  ( 0.08715574274765459928, -1.658997436246444462E-16, 0.9961946980917457672 ) ) ;
#2628 = EDGE_LOOP ( 'NONE', ( #2963, #1490, #331, #1248 ) ) ;
#2629 = FACE_OUTER_BOUND ( 'NONE', #2553, .T. ) ;
#2630 = DIRECTION ( 'NONE',  ( 0.000000000000000000, 1.665334536937735304E-16, -1.000000000000000000 ) ) ;
#2631 = PLANE ( 'NONE',  #504 ) ;
#2632 = ORIENTED_EDGE ( 'NONE', *, *, #159, .F. ) ;
#2633 = ORIENTED_EDGE ( 'NONE', *, *, #1462, .T. ) ;
#2634 = ORIENTED_EDGE ( 'NONE', *, *, #1351, .F. ) ;
#2635 = DIRECTION ( 'NONE',  ( 1.000000000000000000, 0.000000000000000000, 0.000000000000000000 ) ) ;
#2636 = CARTESIAN_POINT ( 'NONE',  ( -0.4000000000000010214, -2.061552812808830293, -11.48899999999999899 ) ) ;
#2637 = ORIENTED_EDGE ( 'NONE', *, *, #2446, .F. ) ;
#2638 = EDGE_CURVE ( 'NONE', #2863, #2193, #2612, .T. ) ;
#2639 = DIRECTION ( 'NONE',  ( -1.000000000000000000, 0.000000000000000000, 0.000000000000000000 ) ) ;
#2640 = CARTESIAN_POINT ( 'NONE',  ( 0.000000000000000000, 0.000000000000000000, 5.523072258617645502 ) ) ;
#2641 = EDGE_CURVE ( 'NONE', #1762, #1194, #496, .T. ) ;
#2642 = CARTESIAN_POINT ( 'NONE',  ( 0.3999999999999976352, 2.182266827280785026, 5.773579458367410489 ) ) ;
#2643 = VERTEX_POINT ( 'NONE', #312 ) ;
#2644 = ORIENTED_EDGE ( 'NONE', *, *, #253, .F. ) ;
#2645 = DIRECTION ( 'NONE',  ( 0.08715574274765490459, 1.658997436246444462E-16, -0.9961946980917457672 ) ) ;
#2646 = PERSON_AND_ORGANIZATION ( #638, #3005 ) ;
#2647 = CARTESIAN_POINT ( 'NONE',  ( 1.195324191840011485, -3.300033248448239309, -0.8890000000000009006 ) ) ;
#2648 = ORIENTED_EDGE ( 'NONE', *, *, #589, .F. ) ;
#2649 = FACE_OUTER_BOUND ( 'NONE', #1664, .T. ) ;
#2650 = CARTESIAN_POINT ( 'NONE',  ( 0.000000000000000000, 1.057487430955461841E-15, -5.460999999999999410 ) ) ;
#2651 = ORIENTED_EDGE ( 'NONE', *, *, #2624, .T. ) ;
#2652 = CARTESIAN_POINT ( 'NONE',  ( 2.099872945368622901, 0.000000000000000000, -12.48900000000000077 ) ) ;
#2653 = ADVANCED_FACE ( 'NONE', ( #1434 ), #244, .T. ) ;
#2654 = DIRECTION ( 'NONE',  ( -1.000000000000000000, 0.000000000000000000, 0.000000000000000000 ) ) ;
#2655 = AXIS2_PLACEMENT_3D ( 'NONE', #860, #428, #1807 ) ;
#2656 = CARTESIAN_POINT ( 'NONE',  ( 0.3999999999999975797, 1.502637486114524634, 6.139000000000005564 ) ) ;
#2657 = ORIENTED_EDGE ( 'NONE', *, *, #2428, .T. ) ;
#2658 = VECTOR ( 'NONE', #2055, 1000.000000000000000 ) ;
#2659 = EDGE_CURVE ( 'NONE', #890, #350, #2207, .T. ) ;
#2660 = DIRECTION ( 'NONE',  ( 0.000000000000000000, 0.000000000000000000, -1.000000000000000000 ) ) ;
#2661 = VECTOR ( 'NONE', #1393, 1000.000000000000000 ) ;
#2662 = ORIENTED_EDGE ( 'NONE', *, *, #2864, .T. ) ;
#2663 = CARTESIAN_POINT ( 'NONE',  ( -0.3999999999999976352, 1.663407726524681607, 6.139000000000004675 ) ) ;
#2664 = VERTEX_POINT ( 'NONE', #2821 ) ;
#2665 = CARTESIAN_POINT ( 'NONE',  ( 3.176025000000002763, -0.4980973490458770470, -4.043577871373832622 ) ) ;
#2666 = LINE ( 'NONE', #1271, #1711 ) ;
#2667 = EDGE_LOOP ( 'NONE', ( #2366, #476, #250, #2197, #1280, #1267, #1682 ) ) ;
#2668 = CARTESIAN_POINT ( 'NONE',  ( 0.000000000000000000, 0.000000000000000000, -7.238999999999999879 ) ) ;
#2669 = CIRCLE ( 'NONE', #20, 2.268258436585967708 ) ;
#2670 = CARTESIAN_POINT ( 'NONE',  ( -0.7499999999999996669, 1.000000000000000000, -7.445000000000000284 ) ) ;
#2671 = CARTESIAN_POINT ( 'NONE',  ( -1.982800871145368404, -0.7740871510008288103, 0.8890000000000009006 ) ) ;
#2672 = CARTESIAN_POINT ( 'NONE',  ( 0.3999999999999977462, 1.820969194338327046, 6.090132639966193473 ) ) ;
#2673 = EDGE_CURVE ( 'NONE', #862, #849, #2129, .T. ) ;
#2674 = ORIENTED_EDGE ( 'NONE', *, *, #2673, .F. ) ;
#2675 = CARTESIAN_POINT ( 'NONE',  ( 0.4980973490458714958, -3.174999999999999822, -9.645422128626172764 ) ) ;
#2676 = ADVANCED_FACE ( 'NONE', ( #1416 ), #739, .T. ) ;
#2677 = ORIENTED_EDGE ( 'NONE', *, *, #712, .T. ) ;
#2678 = LINE ( 'NONE', #827, #595 ) ;
#2679 = ORIENTED_EDGE ( 'NONE', *, *, #2321, .T. ) ;
#2680 = CARTESIAN_POINT ( 'NONE',  ( -0.3999999999999975797, 2.061552812808828516, 5.139000000000004675 ) ) ;
#2681 = CARTESIAN_POINT ( 'NONE',  ( 1.957169543971350567, -0.8518645728753659885, 0.000000000000000000 ) ) ;
#2682 = VERTEX_POINT ( 'NONE', #538 ) ;
#2683 = CARTESIAN_POINT ( 'NONE',  ( -1.967600101913764332, 0.8216186485717924537, -0.3457124967173976771 ) ) ;
#2684 = FACE_OUTER_BOUND ( 'NONE', #2891, .T. ) ;
#2685 = DIRECTION ( 'NONE',  ( -0.000000000000000000, -1.665334536937735304E-16, 1.000000000000000000 ) ) ;
#2686 = CARTESIAN_POINT ( 'NONE',  ( -2.268258436585967708, 3.859625049249676989E-17, -11.97076274578120803 ) ) ;
#2687 = ORIENTED_EDGE ( 'NONE', *, *, #2351, .F. ) ;
#2688 =( BOUNDED_CURVE ( )  B_SPLINE_CURVE ( 3, ( #2037, #2749, #867, #637 ),
 .UNSPECIFIED., .F., .F. ) 
 B_SPLINE_CURVE_WITH_KNOTS ( ( 4, 4 ),
 ( 1.810267798689539243, 1.890194266040168269 ),
 .UNSPECIFIED. ) 
 CURVE ( )  GEOMETRIC_REPRESENTATION_ITEM ( )  RATIONAL_B_SPLINE_CURVE ( ( 1.000000000000000000, 0.9994677174976542844, 0.9994677174976542844, 1.000000000000000000 ) ) 
 REPRESENTATION_ITEM ( '' )  );
#2689 = DIRECTION ( 'NONE',  ( 0.000000000000000000, 1.000000000000000000, -0.000000000000000000 ) ) ;
#2690 = ORIENTED_EDGE ( 'NONE', *, *, #1949, .F. ) ;
#2691 = EDGE_CURVE ( 'NONE', #3029, #2577, #2185, .T. ) ;
#2692 = ADVANCED_FACE ( 'NONE', ( #2380 ), #86, .F. ) ;
#2693 = DIRECTION ( 'NONE',  ( 0.000000000000000000, -0.08715574274765790219, -0.9961946980917455452 ) ) ;
#2694 = ORIENTED_EDGE ( 'NONE', *, *, #1592, .T. ) ;
#2695 = EDGE_CURVE ( 'NONE', #2885, #503, #1007, .T. ) ;
#2696 = LINE ( 'NONE', #2665, #639 ) ;
#2697 = CARTESIAN_POINT ( 'NONE',  ( 1.957169543971350567, 0.8518645728753659885, 0.000000000000000000 ) ) ;
#2698 = VERTEX_POINT ( 'NONE', #38 ) ;
#2699 = DIRECTION ( 'NONE',  ( 0.000000000000000000, 0.000000000000000000, -1.000000000000000000 ) ) ;
#2700 = CARTESIAN_POINT ( 'NONE',  ( 0.6593895131183358238, 1.993791731849034576, 5.139000000000004675 ) ) ;
#2701 = DIRECTION ( 'NONE',  ( 0.000000000000000000, 0.000000000000000000, -1.000000000000000000 ) ) ;
#2702 = B_SPLINE_CURVE_WITH_KNOTS ( 'NONE', 3,
 ( #454, #2081, #913, #1387, #929, #1863 ),
 .UNSPECIFIED., .F., .F.,
 ( 4, 2, 4 ),
 ( 0.000000000000000000, 0.0003704957869547452205, 0.0007409915739094904410 ),
 .UNSPECIFIED. ) ;
#2703 = LINE ( 'NONE', #2399, #2814 ) ;
#2704 = VERTEX_POINT ( 'NONE', #513 ) ;
#2705 = AXIS2_PLACEMENT_3D ( 'NONE', #1902, #297, #1892 ) ;
#2706 = DIRECTION ( 'NONE',  ( -0.000000000000000000, -0.000000000000000000, -1.000000000000000000 ) ) ;
#2707 = AXIS2_PLACEMENT_3D ( 'NONE', #876, #2061, #2312 ) ;
#2708 = EDGE_LOOP ( 'NONE', ( #2858, #1151, #2791 ) ) ;
#2709 = CARTESIAN_POINT ( 'NONE',  ( -1.687771656165978351, 1.743675613724505968, -0.8890000000000010116 ) ) ;
#2710 = AXIS2_PLACEMENT_3D ( 'NONE', #2604, #2622, #2371 ) ;
#2711 = CALENDAR_DATE ( 2022, 6, 6 ) ;
#2712 = ADVANCED_FACE ( 'NONE', ( #2877 ), #1077, .T. ) ;
#2713 = ORIENTED_EDGE ( 'NONE', *, *, #1837, .T. ) ;
#2714 = CARTESIAN_POINT ( 'NONE',  ( 1.195324191840006822, -3.300033248448232204, 0.8890000000000009006 ) ) ;
#2715 = CARTESIAN_POINT ( 'NONE',  ( 0.000000000000000000, 0.000000000000000000, -11.78900000000000148 ) ) ;
#2716 = AXIS2_PLACEMENT_3D ( 'NONE', #2983, #1290, #2942 ) ;
#2717 = VERTEX_POINT ( 'NONE', #1476 ) ;
#2718 = DIRECTION ( 'NONE',  ( 1.000000000000000000, 0.000000000000000000, 0.000000000000000000 ) ) ;
#2719 = ADVANCED_FACE ( 'NONE', ( #255 ), #710, .F. ) ;
#2720 = DIRECTION ( 'NONE',  ( 0.000000000000000000, -1.665334536937735304E-16, 1.000000000000000000 ) ) ;
#2721 = FACE_OUTER_BOUND ( 'NONE', #133, .T. ) ;
#2722 = FACE_OUTER_BOUND ( 'NONE', #1069, .T. ) ;
#2723 = ORIENTED_EDGE ( 'NONE', *, *, #2010, .T. ) ;
#2724 = CARTESIAN_POINT ( 'NONE',  ( 0.6593895131183358238, -1.993791731849034576, 5.139000000000004675 ) ) ;
#2725 = ORIENTED_EDGE ( 'NONE', *, *, #2840, .T. ) ;
#2726 = FACE_OUTER_BOUND ( 'NONE', #2008, .T. ) ;
#2727 = PERSON_AND_ORGANIZATION_ROLE ( 'design_supplier' ) ;
#2728 = ORIENTED_EDGE ( 'NONE', *, *, #1835, .F. ) ;
#2729 = DIRECTION ( 'NONE',  ( 1.000000000000000000, 0.000000000000000000, 0.000000000000000000 ) ) ;
#2730 = APPROVAL ( #1472, 'UNSPECIFIED' ) ;
#2731 = VERTEX_POINT ( 'NONE', #2636 ) ;
#2732 = PLANE ( 'NONE',  #2716 ) ;
#2733 = EDGE_CURVE ( 'NONE', #2863, #43, #2107, .T. ) ;
#2734 = CYLINDRICAL_SURFACE ( 'NONE', #257, 0.8499999999999965361 ) ;
#2735 = DIRECTION ( 'NONE',  ( -0.000000000000000000, -0.000000000000000000, -1.000000000000000000 ) ) ;
#2736 = EDGE_CURVE ( 'NONE', #1712, #1172, #1184, .T. ) ;
#2737 = CARTESIAN_POINT ( 'NONE',  ( -1.966180215270679321, -0.8259399663175622797, 0.2963196088843141895 ) ) ;
#2738 = ADVANCED_FACE ( 'NONE', ( #980 ), #954, .F. ) ;
#2739 = DIRECTION ( 'NONE',  ( -1.000000000000000000, 0.000000000000000000, 0.000000000000000000 ) ) ;
#2740 = ORIENTED_EDGE ( 'NONE', *, *, #2586, .T. ) ;
#2741 = B_SPLINE_CURVE_WITH_KNOTS ( 'NONE', 3,
 ( #2333, #2011, #1124, #1141, #2551, #1355, #1401, #3035, #1648, #682 ),
 .UNSPECIFIED., .F., .F.,
 ( 4, 2, 2, 2, 4 ),
 ( 0.000000000000000000, 0.0003704147845104406134, 0.0007408295690208812267, 0.001111244353531321786, 0.001481659138041762453 ),
 .UNSPECIFIED. ) ;
#2742 = EDGE_LOOP ( 'NONE', ( #2632, #2920, #2644, #670 ) ) ;
#2743 = CARTESIAN_POINT ( 'NONE',  ( 0.3999999999999976907, -2.197165961088455077, 5.495012551953919910 ) ) ;
#2744 = CARTESIAN_POINT ( 'NONE',  ( 1.982800871145368404, -0.7740871510008288103, 0.8890000000000009006 ) ) ;
#2745 = VERTEX_POINT ( 'NONE', #723 ) ;
#2746 = CARTESIAN_POINT ( 'NONE',  ( 2.042739449473821356, 0.4871774764741346742, -4.168392586008345724 ) ) ;
#2747 = PLANE ( 'NONE',  #2850 ) ;
#2748 = CARTESIAN_POINT ( 'NONE',  ( 0.000000000000000000, 0.000000000000000000, -12.48900000000000077 ) ) ;
#2749 = CARTESIAN_POINT ( 'NONE',  ( 0.5524637716922231601, -2.026799369905326387, -10.26683318298800884 ) ) ;
#2750 = ADVANCED_FACE ( 'NONE', ( #2866 ), #1120, .T. ) ;
#2751 = CARTESIAN_POINT ( 'NONE',  ( 0.000000000000000000, 1.057487430955461841E-15, -0.8890000000000009006 ) ) ;
#2752 = EDGE_CURVE ( 'NONE', #855, #2146, #2069, .T. ) ;
#2753 = EDGE_LOOP ( 'NONE', ( #552, #1757, #1376, #268, #1422, #2135, #812, #2186, #366, #839, #586, #3018, #1363, #1483, #1440, #1103 ) ) ;
#2754 = CIRCLE ( 'NONE', #486, 2.100000000000000089 ) ;
#2755 = AXIS2_PLACEMENT_3D ( 'NONE', #2820, #1891, #964 ) ;
#2756 = ORIENTED_EDGE ( 'NONE', *, *, #285, .F. ) ;
#2757 = VECTOR ( 'NONE', #363, 1000.000000000000000 ) ;
#2758 = CARTESIAN_POINT ( 'NONE',  ( 0.7499999999999984457, -2.899999999999999911, -12.53545247797180906 ) ) ;
#2759 = DIRECTION ( 'NONE',  ( 0.000000000000000000, -1.665334536937735304E-16, 1.000000000000000000 ) ) ;
#2760 = ORIENTED_EDGE ( 'NONE', *, *, #2959, .T. ) ;
#2761 = AXIS2_PLACEMENT_3D ( 'NONE', #2204, #807, #2454 ) ;
#2762 = CARTESIAN_POINT ( 'NONE',  ( 0.000000000000000000, -1.000000000000000000, 0.000000000000000000 ) ) ;
#2763 = DIRECTION ( 'NONE',  ( 0.000000000000000000, 1.665334536937735304E-16, -1.000000000000000000 ) ) ;
#2764 = CARTESIAN_POINT ( 'NONE',  ( -0.2470917478819841528, -2.087439085565598429, -9.237221323398957296 ) ) ;
#2765 = VECTOR ( 'NONE', #360, 1000.000000000000000 ) ;
#2766 = LINE ( 'NONE', #2272, #1285 ) ;
#2767 = CARTESIAN_POINT ( 'NONE',  ( 0.7499999999999998890, 1.000000000000000000, -7.445000000000000284 ) ) ;
#2768 = VERTEX_POINT ( 'NONE', #1781 ) ;
#2769 = VECTOR ( 'NONE', #1573, 1000.000000000000000 ) ;
#2770 = VECTOR ( 'NONE', #2689, 1000.000000000000000 ) ;
#2771 = EDGE_CURVE ( 'NONE', #857, #179, #2666, .T. ) ;
#2772 = EDGE_CURVE ( 'NONE', #463, #2213, #1018, .T. ) ;
#2773 = VERTEX_POINT ( 'NONE', #2697 ) ;
#2774 = DIRECTION ( 'NONE',  ( 0.000000000000000000, 1.665334536937734071E-16, -1.000000000000000000 ) ) ;
#2775 = EDGE_LOOP ( 'NONE', ( #952, #993, #2580, #938 ) ) ;
#2776 = CARTESIAN_POINT ( 'NONE',  ( 1.958295588161934608, -0.8486177109634653881, -0.02472045621156359826 ) ) ;
#2777 = DIRECTION ( 'NONE',  ( -0.08715574274765459928, 0.000000000000000000, -0.9961946980917457672 ) ) ;
#2778 = CARTESIAN_POINT ( 'NONE',  ( 1.952124248775016779, 0.7740871510008278111, -0.8890000000000009006 ) ) ;
#2779 = DIRECTION ( 'NONE',  ( 0.000000000000000000, 0.000000000000000000, -1.000000000000000000 ) ) ;
#2780 = CARTESIAN_POINT ( 'NONE',  ( -0.7499999999999994449, 3.176000000000002377, -5.460999999999999410 ) ) ;
#2781 = CARTESIAN_POINT ( 'NONE',  ( 0.7500000000000000000, 2.899999999999999023, -7.238999999999998991 ) ) ;
#2782 = EDGE_LOOP ( 'NONE', ( #1441, #439, #2855, #2019 ) ) ;
#2783 = EDGE_CURVE ( 'NONE', #2682, #225, #161, .T. ) ;
#2784 = ORIENTED_EDGE ( 'NONE', *, *, #1612, .T. ) ;
#2785 = EDGE_CURVE ( 'NONE', #83, #2235, #2381, .T. ) ;
#2786 = CARTESIAN_POINT ( 'NONE',  ( 0.000000000000000000, 2.350000000000000533, 0.8890000000000009006 ) ) ;
#2787 = CARTESIAN_POINT ( 'NONE',  ( -1.957169543971350567, -0.8518645728753659885, 0.000000000000000000 ) ) ;
#2788 = ORIENTED_EDGE ( 'NONE', *, *, #676, .F. ) ;
#2789 =( BOUNDED_CURVE ( )  B_SPLINE_CURVE ( 3, ( #2915, #125, #2222, #1258 ),
 .UNSPECIFIED., .F., .F. ) 
 B_SPLINE_CURVE_WITH_KNOTS ( ( 4, 4 ),
 ( 0.000000000000000000, 1.235129571142639326 ),
 .UNSPECIFIED. ) 
 CURVE ( )  GEOMETRIC_REPRESENTATION_ITEM ( )  RATIONAL_B_SPLINE_CURVE ( ( 1.000000000000000000, 0.8768606581416791279, 0.8768606581416791279, 1.000000000000000000 ) ) 
 REPRESENTATION_ITEM ( '' )  );
#2790 = CARTESIAN_POINT ( 'NONE',  ( 1.222045456658754192, -3.336598682543889804, -0.8890000000000009006 ) ) ;
#2791 = ORIENTED_EDGE ( 'NONE', *, *, #2466, .T. ) ;
#2792 = ADVANCED_FACE ( 'NONE', ( #1985 ), #831, .T. ) ;
#2793 = DIRECTION ( 'NONE',  ( 0.000000000000000000, -1.665334536937735304E-16, 1.000000000000000000 ) ) ;
#2794 = CARTESIAN_POINT ( 'NONE',  ( 0.000000000000000000, 0.000000000000000000, 5.438999999999999169 ) ) ;
#2795 = CARTESIAN_POINT ( 'NONE',  ( -1.952124248775013893, 0.7740871510008295875, 0.8890000000000009006 ) ) ;
#2796 = CARTESIAN_POINT ( 'NONE',  ( 1.957920956813671509, 0.8497003094221753372, 0.000000000000000000 ) ) ;
#2797 = DIRECTION ( 'NONE',  ( 0.000000000000000000, -1.665334536937735304E-16, 1.000000000000000000 ) ) ;
#2798 = ORIENTED_EDGE ( 'NONE', *, *, #568, .F. ) ;
#2799 = ORIENTED_EDGE ( 'NONE', *, *, #752, .F. ) ;
#2800 = CARTESIAN_POINT ( 'NONE',  ( 0.4000000000000010214, -2.232710535457612888, -11.97076274578120803 ) ) ;
#2801 = AXIS2_PLACEMENT_3D ( 'NONE', #1133, #2968, #873 ) ;
#2802 = LINE ( 'NONE', #416, #1662 ) ;
#2803 = ORIENTED_EDGE ( 'NONE', *, *, #851, .F. ) ;
#2804 = CARTESIAN_POINT ( 'NONE',  ( 0.3999999999999975797, 2.232710535457607559, 5.620762745781215486 ) ) ;
#2805 = TOROIDAL_SURFACE ( 'NONE', #540, 1.554966049364602254, 0.7500000000000000000 ) ;
#2806 = CARTESIAN_POINT ( 'NONE',  ( 0.4980973490458784347, -3.174999999999997158, 3.295422128626185554 ) ) ;
#2807 = LINE ( 'NONE', #2079, #1565 ) ;
#2808 = AXIS2_PLACEMENT_3D ( 'NONE', #1231, #2175, #74 ) ;
#2809 = ADVANCED_FACE ( 'NONE', ( #618 ), #2249, .F. ) ;
#2810 = CARTESIAN_POINT ( 'NONE',  ( 1.987772171367460317, -0.6841887797112481406, 1.916543085772922872 ) ) ;
#2811 = CARTESIAN_POINT ( 'NONE',  ( 1.292526595471057416, 2.900000000000001688, -5.460999999999999410 ) ) ;
#2812 = CARTESIAN_POINT ( 'NONE',  ( -0.6062564592894054138, 2.011363967672409547, 4.531686415729919482 ) ) ;
#2813 = ORIENTED_EDGE ( 'NONE', *, *, #2898, .F. ) ;
#2814 = VECTOR ( 'NONE', #1465, 1000.000000000000000 ) ;
#2815 = ORIENTED_EDGE ( 'NONE', *, *, #2509, .T. ) ;
#2816 = CARTESIAN_POINT ( 'NONE',  ( -0.4980973490458784347, -2.040073290564214936, 3.295422128626185554 ) ) ;
#2817 = CARTESIAN_POINT ( 'NONE',  ( -0.4980973490458784347, -0.5635524950881043438, 3.295422128626185554 ) ) ;
#2818 = ORIENTED_EDGE ( 'NONE', *, *, #2691, .F. ) ;
#2819 = CARTESIAN_POINT ( 'NONE',  ( 1.992835335027386190, -0.7411165453365337052, -0.8890000000000009006 ) ) ;
#2820 = CARTESIAN_POINT ( 'NONE',  ( 0.000000000000000000, 1.057487430955461841E-15, -5.460999999999999410 ) ) ;
#2821 = CARTESIAN_POINT ( 'NONE',  ( 0.3999999999999975797, 2.061552812808828516, 5.438999999999999169 ) ) ;
#2822 = CARTESIAN_POINT ( 'NONE',  ( 0.7499999999999988898, 1.961504524593303822, -7.238999999999999879 ) ) ;
#2823 = EDGE_CURVE ( 'NONE', #2177, #1460, #1750, .T. ) ;
#2824 = EDGE_CURVE ( 'NONE', #2731, #1776, #2216, .T. ) ;
#2825 = DIRECTION ( 'NONE',  ( 0.000000000000000000, 0.000000000000000000, 1.000000000000000000 ) ) ;
#2826 = DIRECTION ( 'NONE',  ( -0.000000000000000000, 1.665334536937735304E-16, -1.000000000000000000 ) ) ;
#2827 = ORIENTED_EDGE ( 'NONE', *, *, #1277, .T. ) ;
#2828 = ADVANCED_FACE ( 'NONE', ( #1507 ), #1022, .T. ) ;
#2829 = ORIENTED_EDGE ( 'NONE', *, *, #2202, .T. ) ;
#2830 = DIRECTION ( 'NONE',  ( -0.000000000000000000, -0.000000000000000000, 1.000000000000000000 ) ) ;
#2831 = CARTESIAN_POINT ( 'NONE',  ( 0.7500000000000005551, -1.000000000000000000, -5.254999999999999893 ) ) ;
#2832 = CARTESIAN_POINT ( 'NONE',  ( 1.959412432082492828, 0.8453832043415124842, -0.07408238133550916482 ) ) ;
#2833 = ORIENTED_EDGE ( 'NONE', *, *, #1993, .F. ) ;
#2834 = DIRECTION ( 'NONE',  ( 0.000000000000000000, 0.000000000000000000, -1.000000000000000000 ) ) ;
#2835 = CARTESIAN_POINT ( 'NONE',  ( 0.000000000000000000, 0.000000000000000000, -12.48900000000000077 ) ) ;
#2836 = CARTESIAN_POINT ( 'NONE',  ( 0.3999999999999975797, 2.264950330581230631, 5.523072258617645502 ) ) ;
#2837 = CARTESIAN_POINT ( 'NONE',  ( 1.959412432083025735, -0.8453832043415095976, -0.07408238133552169646 ) ) ;
#2838 = EDGE_CURVE ( 'NONE', #2704, #1460, #1999, .T. ) ;
#2839 = ORIENTED_EDGE ( 'NONE', *, *, #107, .T. ) ;
#2840 = EDGE_CURVE ( 'NONE', #463, #520, #2956, .T. ) ;
#2841 = ORIENTED_EDGE ( 'NONE', *, *, #1181, .T. ) ;
#2842 = LINE ( 'NONE', #2136, #2995 ) ;
#2843 = MECHANICAL_CONTEXT ( 'NONE', #2327, 'mechanical' ) ;
#2844 = CARTESIAN_POINT ( 'NONE',  ( -1.195324191840011485, -3.300033248448239309, -0.8890000000000009006 ) ) ;
#2845 = ORIENTED_EDGE ( 'NONE', *, *, #866, .T. ) ;
#2846 = CIRCLE ( 'NONE', #2801, 2.100000000000000089 ) ;
#2847 = LINE ( 'NONE', #2358, #781 ) ;
#2848 = DIRECTION ( 'NONE',  ( 0.000000000000000000, 1.665334536937735304E-16, -1.000000000000000000 ) ) ;
#2849 = ORIENTED_EDGE ( 'NONE', *, *, #2733, .T. ) ;
#2850 = AXIS2_PLACEMENT_3D ( 'NONE', #1601, #407, #1338 ) ;
#2851 = CARTESIAN_POINT ( 'NONE',  ( -0.3999999999999975797, 2.197165961088455077, 5.495012551953919910 ) ) ;
#2852 = CIRCLE ( 'NONE', #1524, 2.268258436585967708 ) ;
#2853 = LINE ( 'NONE', #725, #494 ) ;
#2854 = FACE_OUTER_BOUND ( 'NONE', #727, .T. ) ;
#2855 = ORIENTED_EDGE ( 'NONE', *, *, #1145, .T. ) ;
#2856 = AXIS2_PLACEMENT_3D ( 'NONE', #1001, #2660, #111 ) ;
#2857 = B_SPLINE_CURVE_WITH_KNOTS ( 'NONE', 3,
 ( #1135, #1629, #2559, #430, #1412, #2104, #1657, #2579, #194, #2342 ),
 .UNSPECIFIED., .F., .F.,
 ( 4, 2, 2, 2, 4 ),
 ( 0.000000000000000000, 0.0003704147845104438660, 0.0007408295690208877319, 0.001111244353531331761, 0.001481659138041775898 ),
 .UNSPECIFIED. ) ;
#2858 = ORIENTED_EDGE ( 'NONE', *, *, #1142, .F. ) ;
#2859 = EDGE_CURVE ( 'NONE', #2573, #1728, #1557, .T. ) ;
#2860 = LINE ( 'NONE', #1161, #1176 ) ;
#2861 = PERSON_AND_ORGANIZATION_ROLE ( 'creator' ) ;
#2862 = AXIS2_PLACEMENT_3D ( 'NONE', #1489, #1888, #1700 ) ;
#2863 = VERTEX_POINT ( 'NONE', #135 ) ;
#2864 = EDGE_CURVE ( 'NONE', #1200, #2618, #1858, .T. ) ;
#2865 = DIRECTION ( 'NONE',  ( 0.000000000000000000, 1.665334536937735304E-16, -1.000000000000000000 ) ) ;
#2866 = FACE_OUTER_BOUND ( 'NONE', #1235, .T. ) ;
#2867 = ORIENTED_EDGE ( 'NONE', *, *, #1249, .T. ) ;
#2868 = FACE_OUTER_BOUND ( 'NONE', #2935, .T. ) ;
#2869 = LINE ( 'NONE', #315, #13 ) ;
#2870 = EDGE_LOOP ( 'NONE', ( #347, #2265, #1498, #33, #1317, #1721, #2250, #1704 ) ) ;
#2871 = ORIENTED_EDGE ( 'NONE', *, *, #1747, .T. ) ;
#2872 = FACE_OUTER_BOUND ( 'NONE', #535, .T. ) ;
#2873 = DATE_AND_TIME ( #1642, #1035 ) ;
#2874 = EDGE_CURVE ( 'NONE', #2731, #2969, #2610, .T. ) ;
#2875 = ORIENTED_EDGE ( 'NONE', *, *, #101, .F. ) ;
#2876 = FACE_OUTER_BOUND ( 'NONE', #2667, .T. ) ;
#2877 = FACE_OUTER_BOUND ( 'NONE', #2304, .T. ) ;
#2878 = ORIENTED_EDGE ( 'NONE', *, *, #1837, .F. ) ;
#2879 = CARTESIAN_POINT ( 'NONE',  ( -0.3999999999999975797, 2.264950330581230631, 5.523072258617645502 ) ) ;
#2880 = EDGE_CURVE ( 'NONE', #280, #597, #2754, .T. ) ;
#2881 = CARTESIAN_POINT ( 'NONE',  ( 0.5524637716922237152, 2.026799369905325054, -10.26683318298801417 ) ) ;
#2882 = B_SPLINE_CURVE_WITH_KNOTS ( 'NONE', 3,
 ( #2836, #517, #2397, #1724 ),
 .UNSPECIFIED., .F., .F.,
 ( 4, 4 ),
 ( 0.003029541235337096777, 0.003249628748158704759 ),
 .UNSPECIFIED. ) ;
#2883 = CARTESIAN_POINT ( 'NONE',  ( 1.678266289604233297, 1.750926158424081169, 0.8890000000000007896 ) ) ;
#2884 =( BOUNDED_CURVE ( )  B_SPLINE_CURVE ( 3, ( #2062, #1385, #1167, #433 ),
 .UNSPECIFIED., .F., .F. ) 
 B_SPLINE_CURVE_WITH_KNOTS ( ( 4, 4 ),
 ( 5.048055736036840102, 6.283185307179586232 ),
 .UNSPECIFIED. ) 
 CURVE ( )  GEOMETRIC_REPRESENTATION_ITEM ( )  RATIONAL_B_SPLINE_CURVE ( ( 1.000000000000000000, 0.8768606581416584778, 0.8768606581416584778, 1.000000000000000000 ) ) 
 REPRESENTATION_ITEM ( '' )  );
#2885 = VERTEX_POINT ( 'NONE', #192 ) ;
#2886 = CARTESIAN_POINT ( 'NONE',  ( -2.500000000000000000, -2.899999999999999911, -12.53545247797180728 ) ) ;
#2887 = ORIENTED_EDGE ( 'NONE', *, *, #844, .F. ) ;
#2888 = PRODUCT ( '228-2500-061', '228-2500-061', '', ( #2843 ) ) ;
#2889 = FACE_OUTER_BOUND ( 'NONE', #2376, .T. ) ;
#2890 = CARTESIAN_POINT ( 'NONE',  ( 1.982800871145370181, -0.7740871510008234813, -0.8890000000000009006 ) ) ;
#2891 = EDGE_LOOP ( 'NONE', ( #2052, #2126, #26, #2906 ) ) ;
#2892 = CARTESIAN_POINT ( 'NONE',  ( -1.958295588161912848, 0.8486177109635287819, 2.602374448188120419E-17 ) ) ;
#2893 = CARTESIAN_POINT ( 'NONE',  ( 0.4000000000000009659, 1.821676962433381508, -12.43997030331114395 ) ) ;
#2894 = VERTEX_POINT ( 'NONE', #2981 ) ;
#2895 = FACE_OUTER_BOUND ( 'NONE', #49, .T. ) ;
#2896 = LINE ( 'NONE', #852, #693 ) ;
#2897 = CARTESIAN_POINT ( 'NONE',  ( -1.292526595471058526, 2.899999999999999023, -6.349999999999999645 ) ) ;
#2898 = EDGE_CURVE ( 'NONE', #1796, #1549, #1368, .T. ) ;
#2899 = CIRCLE ( 'NONE', #2755, 3.175000000000001155 ) ;
#2900 = CARTESIAN_POINT ( 'NONE',  ( 0.4980973490458714958, 2.040073290564207831, -9.645422128626172764 ) ) ;
#2901 = ORIENTED_EDGE ( 'NONE', *, *, #381, .F. ) ;
#2902 = VECTOR ( 'NONE', #2347, 1000.000000000000000 ) ;
#2903 =( BOUNDED_CURVE ( )  B_SPLINE_CURVE ( 3, ( #2339, #1427, #2150, #1654 ),
 .UNSPECIFIED., .F., .T. ) 
 B_SPLINE_CURVE_WITH_KNOTS ( ( 4, 4 ),
 ( 4.799655442984393616, 7.766715171374778848 ),
 .UNSPECIFIED. ) 
 CURVE ( )  GEOMETRIC_REPRESENTATION_ITEM ( )  RATIONAL_B_SPLINE_CURVE ( ( 1.000000000000000000, 0.3914371618317638024, 0.3914371618317638024, 1.000000000000000000 ) ) 
 REPRESENTATION_ITEM ( '' )  );
#2904 = DIRECTION ( 'NONE',  ( -0.000000000000000000, -0.000000000000000000, -1.000000000000000000 ) ) ;
#2905 = VECTOR ( 'NONE', #1898, 1000.000000000000000 ) ;
#2906 = ORIENTED_EDGE ( 'NONE', *, *, #1277, .F. ) ;
#2907 = VECTOR ( 'NONE', #424, 1000.000000000000000 ) ;
#2908 = ORIENTED_EDGE ( 'NONE', *, *, #2974, .F. ) ;
#2909 = DIRECTION ( 'NONE',  ( -1.000000000000000000, 0.000000000000000000, 0.000000000000000000 ) ) ;
#2910 = DIRECTION ( 'NONE',  ( -1.000000000000000000, 0.000000000000000000, 0.000000000000000000 ) ) ;
#2911 = ORIENTED_EDGE ( 'NONE', *, *, #2987, .F. ) ;
#2912 = CARTESIAN_POINT ( 'NONE',  ( -1.975391655736663754, 0.7978532881304692959, -0.6173518095735950340 ) ) ;
#2913 = VECTOR ( 'NONE', #2503, 1000.000000000000000 ) ;
#2914 = VECTOR ( 'NONE', #1429, 1000.000000000000000 ) ;
#2915 = CARTESIAN_POINT ( 'NONE',  ( 0.000000000000000000, 2.350000000000000533, -0.8890000000000009006 ) ) ;
#2916 = CARTESIAN_POINT ( 'NONE',  ( 2.040073290564206498, -0.4980973490458769359, -4.043577871373832622 ) ) ;
#2917 = PLANE ( 'NONE',  #2071 ) ;
#2918 = PRODUCT_DEFINITION_SHAPE ( 'NONE', 'NONE',  #1591 ) ;
#2919 = EDGE_CURVE ( 'NONE', #857, #1855, #2846, .T. ) ;
#2920 = ORIENTED_EDGE ( 'NONE', *, *, #8, .F. ) ;
#2921 = DIRECTION ( 'NONE',  ( -1.000000000000000000, 0.000000000000000000, 0.000000000000000000 ) ) ;
#2922 = EDGE_CURVE ( 'NONE', #154, #2430, #1406, .T. ) ;
#2923 = ORIENTED_EDGE ( 'NONE', *, *, #2147, .T. ) ;
#2924 = CARTESIAN_POINT ( 'NONE',  ( 0.4000000000000010214, 2.061552812808830293, -11.78900000000000148 ) ) ;
#2925 = ORIENTED_EDGE ( 'NONE', *, *, #2244, .T. ) ;
#2926 = LINE ( 'NONE', #1717, #1222 ) ;
#2927 = CARTESIAN_POINT ( 'NONE',  ( -0.7499999999999996669, 3.176000000000002377, -7.445000000000000284 ) ) ;
#2928 = ORIENTED_EDGE ( 'NONE', *, *, #458, .T. ) ;
#2929 = CARTESIAN_POINT ( 'NONE',  ( -0.4871798639138890663, 2.042738866564667521, 3.170634702552908912 ) ) ;
#2930 = DIRECTION ( 'NONE',  ( 0.000000000000000000, 0.000000000000000000, 1.000000000000000000 ) ) ;
#2931 = FACE_OUTER_BOUND ( 'NONE', #412, .T. ) ;
#2932 = CARTESIAN_POINT ( 'NONE',  ( 0.7499999999999985567, -1.961504524593304710, -7.238999999999999879 ) ) ;
#2933 = ORIENTED_EDGE ( 'NONE', *, *, #1219, .F. ) ;
#2934 = FACE_OUTER_BOUND ( 'NONE', #2336, .T. ) ;
#2935 = EDGE_LOOP ( 'NONE', ( #1424, #1272, #1651, #1827 ) ) ;
#2936 = CARTESIAN_POINT ( 'NONE',  ( -0.3999999999999975797, 1.502637486114524634, 6.139000000000005564 ) ) ;
#2937 = EDGE_CURVE ( 'NONE', #220, #717, #295, .T. ) ;
#2938 = ORIENTED_EDGE ( 'NONE', *, *, #1123, .F. ) ;
#2939 = CARTESIAN_POINT ( 'NONE',  ( -0.7499999999999994449, -3.176000000000000600, -5.254999999999999893 ) ) ;
#2940 = CARTESIAN_POINT ( 'NONE',  ( -0.6593895131183289404, -3.174999999999999822, -11.48899999999999899 ) ) ;
#2941 = ORIENTED_EDGE ( 'NONE', *, *, #1693, .T. ) ;
#2942 = DIRECTION ( 'NONE',  ( 1.000000000000000000, 0.000000000000000000, -0.000000000000000000 ) ) ;
#2943 = CARTESIAN_POINT ( 'NONE',  ( 0.7499999999999998890, -3.176000000000000600, -7.445000000000000284 ) ) ;
#2944 = DIRECTION ( 'NONE',  ( -1.000000000000000000, 0.000000000000000000, -0.000000000000000000 ) ) ;
#2945 = CARTESIAN_POINT ( 'NONE',  ( 0.000000000000000000, 1.057487430955461841E-15, -5.460999999999999410 ) ) ;
#2946 = VERTEX_POINT ( 'NONE', #2744 ) ;
#2947 = AXIS2_PLACEMENT_3D ( 'NONE', #666, #679, #2985 ) ;
#2948 = CARTESIAN_POINT ( 'NONE',  ( 0.5635524950881043438, 0.4980973490458784347, 4.043577871373827293 ) ) ;
#2949 = AXIS2_PLACEMENT_3D ( 'NONE', #1798, #2046, #665 ) ;
#2950 = EDGE_LOOP ( 'NONE', ( #1300, #1205, #1508, #2338 ) ) ;
#2951 = CARTESIAN_POINT ( 'NONE',  ( 1.987772171367459872, -0.6841887797112489178, -1.916543085772913324 ) ) ;
#2952 = AXIS2_PLACEMENT_3D ( 'NONE', #3022, #668, #2825 ) ;
#2953 = ORIENTED_EDGE ( 'NONE', *, *, #2772, .T. ) ;
#2954 = EDGE_CURVE ( 'NONE', #2529, #379, #1319, .T. ) ;
#2955 = FACE_OUTER_BOUND ( 'NONE', #1926, .T. ) ;
#2956 = LINE ( 'NONE', #1522, #2556 ) ;
#2957 = ORIENTED_EDGE ( 'NONE', *, *, #1787, .T. ) ;
#2958 = CARTESIAN_POINT ( 'NONE',  ( 0.4000000000000010214, 2.264950330581225746, -11.87307225861763804 ) ) ;
#2959 = EDGE_CURVE ( 'NONE', #2543, #2400, #1516, .T. ) ;
#2960 = CARTESIAN_POINT ( 'NONE',  ( -0.5524637716922229380, -2.026799369905326387, -10.26683318298800707 ) ) ;
#2961 = LINE ( 'NONE', #1293, #1964 ) ;
#2962 = DIRECTION ( 'NONE',  ( 0.000000000000000000, 1.665334536937735304E-16, -1.000000000000000000 ) ) ;
#2963 = ORIENTED_EDGE ( 'NONE', *, *, #2783, .T. ) ;
#2964 = CARTESIAN_POINT ( 'NONE',  ( -0.4000000000000010214, 2.264950330581225746, -11.87307225861763804 ) ) ;
#2965 = ORIENTED_EDGE ( 'NONE', *, *, #1467, .T. ) ;
#2966 = VERTEX_POINT ( 'NONE', #1360 ) ;
#2967 = CARTESIAN_POINT ( 'NONE',  ( -0.4000000000000010769, 2.081805041010026169, -12.25694035598735709 ) ) ;
#2968 = DIRECTION ( 'NONE',  ( 0.000000000000000000, 1.665334536937735304E-16, -1.000000000000000000 ) ) ;
#2969 = VERTEX_POINT ( 'NONE', #1566 ) ;
#2970 = EDGE_CURVE ( 'NONE', #934, #532, #704, .T. ) ;
#2971 = CARTESIAN_POINT ( 'NONE',  ( 0.4282819678817725295, 2.057911970479199493, 3.053224001008327804 ) ) ;
#2972 = DIRECTION ( 'NONE',  ( 0.000000000000000000, -1.665334536937735304E-16, 1.000000000000000000 ) ) ;
#2973 = CARTESIAN_POINT ( 'NONE',  ( 1.966180215270678877, -0.8259399663175617246, 0.2963196088843141340 ) ) ;
#2974 = EDGE_CURVE ( 'NONE', #223, #2609, #1330, .T. ) ;
#2975 = CARTESIAN_POINT ( 'NONE',  ( 0.7500000000000002220, 2.899999999999999911, -5.460999999999999410 ) ) ;
#2976 = DIRECTION ( 'NONE',  ( 1.000000000000000000, -0.000000000000000000, 0.000000000000000000 ) ) ;
#2977 = ORIENTED_EDGE ( 'NONE', *, *, #1763, .T. ) ;
#2978 = CYLINDRICAL_SURFACE ( 'NONE', #1187, 2.100000000000000089 ) ;
#2979 = ORIENTED_EDGE ( 'NONE', *, *, #231, .T. ) ;
#2980 = CARTESIAN_POINT ( 'NONE',  ( -0.3999999999999975797, -3.174999999999997158, 5.139000000000004675 ) ) ;
#2981 = CARTESIAN_POINT ( 'NONE',  ( -1.959412432082495048, -0.8453832043415095976, -0.07408238133552169646 ) ) ;
#2982 = EDGE_LOOP ( 'NONE', ( #1295, #2419, #1501, #2006 ) ) ;
#2983 = CARTESIAN_POINT ( 'NONE',  ( -2.099872945368619348, 0.000000000000000000, 6.139000000000005564 ) ) ;
#2984 = FACE_OUTER_BOUND ( 'NONE', #277, .T. ) ;
#2985 = DIRECTION ( 'NONE',  ( 9.901389703063967462E-17, 0.000000000000000000, 1.000000000000000000 ) ) ;
#2986 = CARTESIAN_POINT ( 'NONE',  ( 0.000000000000000000, 0.000000000000000000, 5.438999999999999169 ) ) ;
#2987 = EDGE_CURVE ( 'NONE', #2391, #1567, #2802, .T. ) ;
#2988 = EDGE_CURVE ( 'NONE', #313, #1084, #462, .T. ) ;
#2989 = DIRECTION ( 'NONE',  ( 0.000000000000000000, 1.665334536937735304E-16, -1.000000000000000000 ) ) ;
#2990 = VERTEX_POINT ( 'NONE', #2294 ) ;
#2991 = VECTOR ( 'NONE', #1347, 1000.000000000000000 ) ;
#2992 = VECTOR ( 'NONE', #1166, 1000.000000000000000 ) ;
#2993 = B_SPLINE_CURVE_WITH_KNOTS ( 'NONE', 3,
 ( #1333, #672, #1794, #427 ),
 .UNSPECIFIED., .F., .F.,
 ( 4, 4 ),
 ( 0.003655977453372193445, 0.003758849537120532817 ),
 .UNSPECIFIED. ) ;
#2994 = ORIENTED_EDGE ( 'NONE', *, *, #197, .F. ) ;
#2995 = VECTOR ( 'NONE', #1914, 999.9999999999998863 ) ;
#2996 = CARTESIAN_POINT ( 'NONE',  ( -1.952124248775013893, 0.7740871510008295875, 0.8890000000000009006 ) ) ;
#2997 = CARTESIAN_POINT ( 'NONE',  ( -1.957920956813671065, -0.8497003094221765584, 0.000000000000000000 ) ) ;
#2998 = ORIENTED_EDGE ( 'NONE', *, *, #2823, .F. ) ;
#2999 = CARTESIAN_POINT ( 'NONE',  ( 1.959412432083025735, -0.8453832043415095976, -0.07408238133552169646 ) ) ;
#3000 = DIRECTION ( 'NONE',  ( 1.648912623619209262E-32, 1.000000000000000000, 1.665334536937735304E-16 ) ) ;
#3001 = PLANE ( 'NONE',  #2159 ) ;
#3002 = AXIS2_PLACEMENT_3D ( 'NONE', #2493, #2706, #2921 ) ;
#3003 = CARTESIAN_POINT ( 'NONE',  ( 0.000000000000000000, 0.000000000000000000, 5.523072258617645502 ) ) ;
#3004 = B_SPLINE_CURVE_WITH_KNOTS ( 'NONE', 3,
 ( #708, #2309, #1362, #2608, #720, #3030 ),
 .UNSPECIFIED., .F., .F.,
 ( 4, 2, 4 ),
 ( 0.0007409915739094870800, 0.001111325355975625959, 0.001481659138041765056 ),
 .UNSPECIFIED. ) ;
#3005 = ORGANIZATION ( 'UNSPECIFIED', 'UNSPECIFIED', '' ) ;
#3006 = LINE ( 'NONE', #2568, #2362 ) ;
#3007 = ADVANCED_FACE ( 'NONE', ( #662 ), #1596, .T. ) ;
#3008 = CARTESIAN_POINT ( 'NONE',  ( 0.4000000000000010214, -3.174999999999999822, -12.48900000000000077 ) ) ;
#3009 = ADVANCED_FACE ( 'NONE', ( #1102 ), #2074, .F. ) ;
#3010 = VERTEX_POINT ( 'NONE', #1851 ) ;
#3011 = VECTOR ( 'NONE', #1544, 1000.000000000000000 ) ;
#3012 = EDGE_CURVE ( 'NONE', #1562, #333, #1959, .T. ) ;
#3013 = EDGE_LOOP ( 'NONE', ( #1342, #2447, #2798, #2634 ) ) ;
#3014 = DIRECTION ( 'NONE',  ( -1.000000000000000000, 0.000000000000000000, 0.000000000000000000 ) ) ;
#3015 = CARTESIAN_POINT ( 'NONE',  ( 0.3999999999999975797, -3.174999999999997158, 5.139000000000004675 ) ) ;
#3016 = ORIENTED_EDGE ( 'NONE', *, *, #2130, .F. ) ;
#3017 = CARTESIAN_POINT ( 'NONE',  ( -1.222045456658753970, -3.336598682543890249, -0.8890000000000009006 ) ) ;
#3018 = ORIENTED_EDGE ( 'NONE', *, *, #829, .T. ) ;
#3019 = LINE ( 'NONE', #678, #1020 ) ;
#3020 = CARTESIAN_POINT ( 'NONE',  ( 2.268258436585967264, 0.000000000000000000, 5.620762745781215486 ) ) ;
#3021 = CARTESIAN_POINT ( 'NONE',  ( -2.040073290564214936, 0.4980973490458784347, 4.043577871373827293 ) ) ;
#3022 = CARTESIAN_POINT ( 'NONE',  ( 0.000000000000000000, -3.174999999999997158, 3.339000000000008406 ) ) ;
#3023 = ORIENTED_EDGE ( 'NONE', *, *, #1313, .F. ) ;
#3024 = EDGE_CURVE ( 'NONE', #1460, #687, #187, .T. ) ;
#3025 = ORIENTED_EDGE ( 'NONE', *, *, #2130, .T. ) ;
#3026 = ADVANCED_FACE ( 'NONE', ( #2372 ), #2102, .F. ) ;
#3027 = CARTESIAN_POINT ( 'NONE',  ( 0.4980973490458714958, -2.040073290564207831, -9.645422128626172764 ) ) ;
#3028 = DIRECTION ( 'NONE',  ( -2.168404344971008868E-16, 0.000000000000000000, -1.000000000000000000 ) ) ;
#3029 = VERTEX_POINT ( 'NONE', #2831 ) ;
#3030 = CARTESIAN_POINT ( 'NONE',  ( -2.040073290564214936, -0.4980973490458784347, 4.043577871373827293 ) ) ;
#3031 = ORIENTED_EDGE ( 'NONE', *, *, #1462, .F. ) ;
#3032 = DIRECTION ( 'NONE',  ( 0.9961946980917458783, 0.000000000000000000, -0.08715574274765461316 ) ) ;
#3033 = FACE_OUTER_BOUND ( 'NONE', #2603, .T. ) ;
#3034 = CARTESIAN_POINT ( 'NONE',  ( -2.057857522118901716, 0.4285843784080459185, 4.285446898465243848 ) ) ;
#3035 = CARTESIAN_POINT ( 'NONE',  ( -0.4282819678817712528, 2.057911970479199493, -9.403224001008318567 ) ) ;
ENDSEC;
END-ISO-10303-21;
